"","tip_names_in_data_matrix","kingdom","phylum","subphylum","class","subclass","infraclass","cohort","order","suborder","infraorder","superfamily","family","subfamily","genus","species","metamorphosis","gs_value","gs_sd","gs_cv","best_method","n_records"
"1","Archaeognatha_Machilis_hrabei","Metazoa","Arthropoda","Hexapoda","Insecta","Monocondylia","no_rank","no_rank","Archaeognatha","no_rank","no_rank","no_rank","Machilidae","no_rank","Machilis","Machilis hrabei","Incomplete",3061.14,NA,NA,"FCM",1
"2","Blattodea_Balta_vilis","Metazoa","Arthropoda","Hexapoda","Insecta","Pterygota","Neoptera","Polyneoptera","Blattodea","no_rank","no_rank","Blaberoidea","Pseudophyllodromiidae","no_rank","Balta","Balta vilis","Incomplete",2904.66,NA,NA,"FIA",1
"3","Blattodea_Blaptica_dubia","Metazoa","Arthropoda","Hexapoda","Insecta","Pterygota","Neoptera","Polyneoptera","Blattodea","no_rank","no_rank","Blaberoidea","Blaberidae","Blaberinae","Blaptica","Blaptica dubia","Incomplete",4552.59,159.056599360102,0.0349376068040615,"FIA",2
"4","Blattodea_Blatta_orientalis","Metazoa","Arthropoda","Hexapoda","Insecta","Pterygota","Neoptera","Polyneoptera","Blattodea","no_rank","no_rank","Blattoidea","Blattidae","Blattinae","Blatta","Blatta orientalis","Incomplete",2963.34,NA,NA,"FIA",1
"5","Blattodea_Blattella_germanica","Metazoa","Arthropoda","Hexapoda","Insecta","Pterygota","Neoptera","Polyneoptera","Blattodea","no_rank","no_rank","Blaberoidea","Blattellidae","no_rank","Blattella","Blattella germanica","Incomplete",1956,NA,NA,"FD",1
"6","Blattodea_Cryptocercus_punctulatus","Metazoa","Arthropoda","Hexapoda","Insecta","Pterygota","Neoptera","Polyneoptera","Blattodea","no_rank","no_rank","Blattoidea","Cryptocercidae","no_rank","Cryptocercus","Cryptocercus punctulatus","Incomplete",1290.96,NA,NA,"FIA",1
"7","Blattodea_Ischnoptera_deropeltiformis","Metazoa","Arthropoda","Hexapoda","Insecta","Pterygota","Neoptera","Polyneoptera","Blattodea","no_rank","no_rank","Blaberoidea","Blattellidae","no_rank","Ischnoptera","Ischnoptera deropeltiformis","Incomplete",2366.76,NA,NA,"FIA",1
"8","Blattodea_Nauphoeta_cinerea","Metazoa","Arthropoda","Hexapoda","Insecta","Pterygota","Neoptera","Polyneoptera","Blattodea","no_rank","no_rank","Blaberoidea","Blaberidae","Oxyhaloinae","Nauphoeta","Nauphoeta cinerea","Incomplete",5036.7,NA,NA,"FIA",1
"9","Blattodea_Panchlora_nivea","Metazoa","Arthropoda","Hexapoda","Insecta","Pterygota","Neoptera","Polyneoptera","Blattodea","no_rank","no_rank","Blaberoidea","Blaberidae","Panchlorinae","Panchlora","Panchlora nivea","Incomplete",1486.56,NA,NA,"FCM",1
"10","Blattodea_Periplaneta_americana","Metazoa","Arthropoda","Hexapoda","Insecta","Pterygota","Neoptera","Polyneoptera","Blattodea","no_rank","no_rank","Blattoidea","Blattidae","Blattinae","Periplaneta","Periplaneta americana","Incomplete",3334.98,NA,NA,"FCM",1
"11","Blattodea_Periplaneta_fuliginosa","Metazoa","Arthropoda","Hexapoda","Insecta","Pterygota","Neoptera","Polyneoptera","Blattodea","no_rank","no_rank","Blattoidea","Blattidae","Blattinae","Periplaneta","Periplaneta fuliginosa","Incomplete",4430.34,NA,NA,"FIA",1
"12","Blattodea_Pycnoscelus_nigra","Metazoa","Arthropoda","Hexapoda","Insecta","Pterygota","Neoptera","Polyneoptera","Blattodea","no_rank","no_rank","Blaberoidea","Blaberidae","Pycnoscelinae","Pycnoscelus","Pycnoscelus nigra","Incomplete",7325.22,NA,NA,"FIA",1
"13","Blattodea_Schultesia_lampyridiformis","Metazoa","Arthropoda","Hexapoda","Insecta","Pterygota","Neoptera","Polyneoptera","Blattodea","no_rank","no_rank","Blaberoidea","Blaberidae","Zetoborinae","Schultesia","Schultesia lampyridiformis","Incomplete",4019.58,NA,NA,"FIA",1
"14","Coleoptera_Acanthoscelides_obtectus","Metazoa","Arthropoda","Hexapoda","Insecta","Pterygota","Neoptera","Endopterygota","Coleoptera","Polyphaga","Cucujiformia","Chrysomeloidea","Chrysomelidae","Bruchinae","Acanthoscelides","Acanthoscelides obtectus","Complete",948.66,NA,NA,"FCM",1
"15","Coleoptera_Adalia_bipunctata","Metazoa","Arthropoda","Hexapoda","Insecta","Pterygota","Neoptera","Endopterygota","Coleoptera","Polyphaga","Cucujiformia","Coccinelloidea","Coccinellidae","Coccinellinae","Adalia","Adalia bipunctata","Complete",352.08,NA,NA,"FIA",1
"16","Coleoptera_Agrilus_planipennis","Metazoa","Arthropoda","Hexapoda","Insecta","Pterygota","Neoptera","Endopterygota","Coleoptera","Polyphaga","Elateriformia","Buprestoidea","Buprestidae","Agrilinae","Agrilus","Agrilus planipennis","Complete",482.11,17.6776695296637,0.0366672948697677,NA,2
"17","Coleoptera_Alphitobius_diaperinus","Metazoa","Arthropoda","Hexapoda","Insecta","Pterygota","Neoptera","Endopterygota","Coleoptera","Polyphaga","Cucujiformia","Tenebrionoidea","Tenebrionidae","Tenebrioninae","Alphitobius","Alphitobius diaperinus","Complete",273.84,NA,NA,"FD",1
"18","Coleoptera_Ammobius_rufus","Metazoa","Arthropoda","Hexapoda","Insecta","Pterygota","Neoptera","Endopterygota","Coleoptera","Polyphaga","Cucujiformia","Tenebrionoidea","Tenebrionidae","Blaptinae","Ammobius","Ammobius rufus","Complete",332.52,NA,NA,"FD",1
"19","Coleoptera_Anoplophora_glabripennis","Metazoa","Arthropoda","Hexapoda","Insecta","Pterygota","Neoptera","Endopterygota","Coleoptera","Polyphaga","Cucujiformia","Chrysomeloidea","Cerambycidae","Lamiinae","Anoplophora","Anoplophora glabripennis","Complete",976.03,7.62261110119096,0.00780981230207162,NA,2
"20","Coleoptera_Anthonomus_grandis_grandis","Metazoa","Arthropoda","Hexapoda","Insecta","Pterygota","Neoptera","Endopterygota","Coleoptera","Polyphaga","Cucujiformia","Curculionoidea","Curculionidae","Curculioninae","Anthonomus","Anthonomus grandis","Complete",831.3,NA,NA,"FCM",1
"21","Coleoptera_Callosobruchus_chinensis","Metazoa","Arthropoda","Hexapoda","Insecta","Pterygota","Neoptera","Endopterygota","Coleoptera","Polyphaga","Cucujiformia","Chrysomeloidea","Chrysomelidae","Bruchinae","Callosobruchus","Callosobruchus chinensis","Complete",733.5,NA,NA,"FCM",1
"22","Coleoptera_Carabus_uenoi","Metazoa","Arthropoda","Hexapoda","Insecta","Pterygota","Neoptera","Endopterygota","Coleoptera","Adephaga","no_rank","Caraboidea","Carabidae","Carabinae","Carabus","Carabus uenoi","Complete",283.62,NA,NA,"FCM",1
"23","Coleoptera_Chrysochus_auratus","Metazoa","Arthropoda","Hexapoda","Insecta","Pterygota","Neoptera","Endopterygota","Coleoptera","Polyphaga","Cucujiformia","Chrysomeloidea","Chrysomelidae","Eumolpinae","Chrysochus","Chrysochus auratus","Complete",2070.77,NA,NA,NA,1
"24","Coleoptera_Chrysomela_populi","Metazoa","Arthropoda","Hexapoda","Insecta","Pterygota","Neoptera","Endopterygota","Coleoptera","Polyphaga","Cucujiformia","Chrysomeloidea","Chrysomelidae","Chrysomelinae","Chrysomela","Chrysomela populi","Complete",342.3,NA,NA,"FD",1
"25","Coleoptera_Coccinella_septempunctata","Metazoa","Arthropoda","Hexapoda","Insecta","Pterygota","Neoptera","Endopterygota","Coleoptera","Polyphaga","Cucujiformia","Coccinelloidea","Coccinellidae","Coccinellinae","Coccinella","Coccinella septempunctata","Complete",420.54,NA,NA,"FCM",1
"26","Coleoptera_Coleomegilla_maculata","Metazoa","Arthropoda","Hexapoda","Insecta","Pterygota","Neoptera","Endopterygota","Coleoptera","Polyphaga","Cucujiformia","Coccinelloidea","Coccinellidae","Coccinellinae","Coleomegilla","Coleomegilla maculata","Complete",185.82,NA,NA,"FIA",1
"27","Coleoptera_Cossyphus_hoffmannseggi","Metazoa","Arthropoda","Hexapoda","Insecta","Pterygota","Neoptera","Endopterygota","Coleoptera","Polyphaga","Cucujiformia","Tenebrionoidea","Tenebrionidae","Lagriinae","Cossyphus","Cossyphus hoffmannseggi","Complete",479.22,NA,NA,"FD",1
"28","Coleoptera_Cryptolaemus_montrouzieri","Metazoa","Arthropoda","Hexapoda","Insecta","Pterygota","Neoptera","Endopterygota","Coleoptera","Polyphaga","Cucujiformia","Coccinelloidea","Coccinellidae","Scymninae","Cryptolaemus","Cryptolaemus montrouzieri","Complete",782.4,NA,NA,"FIA",1
"29","Coleoptera_Cynegetis_impunctata","Metazoa","Arthropoda","Hexapoda","Insecta","Pterygota","Neoptera","Endopterygota","Coleoptera","Polyphaga","Cucujiformia","Coccinelloidea","Coccinellidae","Epilachninae","Cynegetis","Cynegetis impunctata","Complete",498.78,NA,NA,"FIA",1
"30","Coleoptera_Delphastus_catalinae","Metazoa","Arthropoda","Hexapoda","Insecta","Pterygota","Neoptera","Endopterygota","Coleoptera","Polyphaga","Cucujiformia","Coccinelloidea","Coccinellidae","Sticholotidinae","Delphastus","Delphastus catalinae","Complete",303.18,NA,NA,"FIA",1
"31","Coleoptera_Harmonia_axyridis_red","Metazoa","Arthropoda","Hexapoda","Insecta","Pterygota","Neoptera","Endopterygota","Coleoptera","Polyphaga","Cucujiformia","Coccinelloidea","Coccinellidae","Coccinellinae","Harmonia","Harmonia axyridis","Complete",459.66,NA,NA,"FCM",1
"32","Coleoptera_Harmonia_dimidiata","Metazoa","Arthropoda","Hexapoda","Insecta","Pterygota","Neoptera","Endopterygota","Coleoptera","Polyphaga","Cucujiformia","Coccinelloidea","Coccinellidae","Coccinellinae","Harmonia","Harmonia dimidiata","Complete",312.96,NA,NA,"FIA",1
"33","Coleoptera_Henosepilachna_vigintioctomaculata","Metazoa","Arthropoda","Hexapoda","Insecta","Pterygota","Neoptera","Endopterygota","Coleoptera","Polyphaga","Cucujiformia","Coccinelloidea","Coccinellidae","Epilachninae","Henosepilachna","Henosepilachna vigintioctomaculata","Complete",1193.16,NA,NA,"FCM",1
"34","Coleoptera_Henosepilachna_vigintioctopunctata","Metazoa","Arthropoda","Hexapoda","Insecta","Pterygota","Neoptera","Endopterygota","Coleoptera","Polyphaga","Cucujiformia","Coccinelloidea","Coccinellidae","Epilachninae","Henosepilachna","Henosepilachna vigintioctopunctata","Complete",655.26,NA,NA,"FCM",1
"35","Coleoptera_Hippodamia_convergens","Metazoa","Arthropoda","Hexapoda","Insecta","Pterygota","Neoptera","Endopterygota","Coleoptera","Polyphaga","Cucujiformia","Coccinelloidea","Coccinellidae","Coccinellinae","Hippodamia","Hippodamia convergens","Complete",420.54,NA,NA,"FIA",1
"36","Coleoptera_Lasioderma_serricorne","Metazoa","Arthropoda","Hexapoda","Insecta","Pterygota","Neoptera","Endopterygota","Coleoptera","Polyphaga","Bostrichiformia","Bostrichoidea","Ptinidae","Xyletininae","Lasioderma","Lasioderma serricorne","Complete",201.96,NA,NA,NA,1
"37","Coleoptera_Leptinotarsa_decemlineata","Metazoa","Arthropoda","Hexapoda","Insecta","Pterygota","Neoptera","Endopterygota","Coleoptera","Polyphaga","Cucujiformia","Chrysomeloidea","Chrysomelidae","Chrysomelinae","Leptinotarsa","Leptinotarsa decemlineata","Complete",449.88,NA,NA,"FD",1
"38","Coleoptera_Odontotaenius_disjunctus","Metazoa","Arthropoda","Hexapoda","Insecta","Pterygota","Neoptera","Endopterygota","Coleoptera","Polyphaga","Scarabaeiformia","Scarabaeoidea","Passalidae","no_rank","Odontotaenius","Odontotaenius disjunctus","Complete",733.5,NA,NA,"FCM",1
"39","Coleoptera_Oenopia_conglobata","Metazoa","Arthropoda","Hexapoda","Insecta","Pterygota","Neoptera","Endopterygota","Coleoptera","Polyphaga","Cucujiformia","Coccinelloidea","Coccinellidae","Coccinellinae","Oenopia","Oenopia conglobata","Complete",420.54,NA,NA,"FIA",1
"40","Coleoptera_Onthophagus_taurus","Metazoa","Arthropoda","Hexapoda","Insecta","Pterygota","Neoptera","Endopterygota","Coleoptera","Polyphaga","Scarabaeiformia","Scarabaeoidea","Scarabaeidae","Scarabaeinae","Onthophagus","Onthophagus taurus","Complete",297.11,10.0692005640964,0.0338904801726514,NA,2
"41","Coleoptera_Ophraella_communa","Metazoa","Arthropoda","Hexapoda","Insecta","Pterygota","Neoptera","Endopterygota","Coleoptera","Polyphaga","Cucujiformia","Chrysomeloidea","Chrysomelidae","Galerucinae","Ophraella","Ophraella communa","Complete",586.8,NA,NA,"FD",1
"42","Coleoptera_Oryzaephilus_surinamensis","Metazoa","Arthropoda","Hexapoda","Insecta","Pterygota","Neoptera","Endopterygota","Coleoptera","Polyphaga","Cucujiformia","Cucujoidea","Silvanidae","Silvaninae","Oryzaephilus","Oryzaephilus surinamensis","Complete",185.82,50.8183706940709,0.273481706458244,"FCM",3
"43","Coleoptera_Phaedon_cochleariae","Metazoa","Arthropoda","Hexapoda","Insecta","Pterygota","Neoptera","Endopterygota","Coleoptera","Polyphaga","Cucujiformia","Chrysomeloidea","Chrysomelidae","Chrysomelinae","Phaedon","Phaedon cochleariae","Complete",508.56,NA,NA,"FD",1
"44","Coleoptera_Popillia_japonica","Metazoa","Arthropoda","Hexapoda","Insecta","Pterygota","Neoptera","Endopterygota","Coleoptera","Polyphaga","Scarabaeiformia","Scarabaeoidea","Scarabaeidae","Rutelinae","Popillia","Popillia japonica","Complete",582.8,NA,NA,NA,1
"45","Coleoptera_Stegobium_paniceum","Metazoa","Arthropoda","Hexapoda","Insecta","Pterygota","Neoptera","Endopterygota","Coleoptera","Polyphaga","Bostrichiformia","Bostrichoidea","Ptinidae","Anobiinae","Stegobium","Stegobium paniceum","Complete",342.3,NA,NA,"FCM",1
"46","Coleoptera_Tenebrio_molitor","Metazoa","Arthropoda","Hexapoda","Insecta","Pterygota","Neoptera","Endopterygota","Coleoptera","Polyphaga","Cucujiformia","Tenebrionoidea","Tenebrionidae","Tenebrioninae","Tenebrio","Tenebrio molitor","Complete",508.56,NA,NA,"FD",1
"47","Coleoptera_Tribolium_brevicornis","Metazoa","Arthropoda","Hexapoda","Insecta","Pterygota","Neoptera","Endopterygota","Coleoptera","Polyphaga","Cucujiformia","Tenebrionoidea","Tenebrionidae","no_rank","Tribolium","Tribolium brevicornis","Complete",381.42,NA,NA,"FD",1
"48","Coleoptera_Tribolium_castaneum","Metazoa","Arthropoda","Hexapoda","Insecta","Pterygota","Neoptera","Endopterygota","Coleoptera","Polyphaga","Cucujiformia","Tenebrionoidea","Tenebrionidae","no_rank","Tribolium","Tribolium castaneum","Complete",205.38,NA,NA,"FCM",1
"49","Coleoptera_Tribolium_confusum","Metazoa","Arthropoda","Hexapoda","Insecta","Pterygota","Neoptera","Endopterygota","Coleoptera","Polyphaga","Cucujiformia","Tenebrionoidea","Tenebrionidae","no_rank","Tribolium","Tribolium confusum","Complete",244.5,NA,NA,"FD",1
"50","Coleoptera_Tribolium_freemani","Metazoa","Arthropoda","Hexapoda","Insecta","Pterygota","Neoptera","Endopterygota","Coleoptera","Polyphaga","Cucujiformia","Tenebrionoidea","Tenebrionidae","no_rank","Tribolium","Tribolium freemani","Complete",234.72,NA,NA,"FD",1
"51","Coleoptera_Tribolium_madens","Metazoa","Arthropoda","Hexapoda","Insecta","Pterygota","Neoptera","Endopterygota","Coleoptera","Polyphaga","Cucujiformia","Tenebrionoidea","Tenebrionidae","no_rank","Tribolium","Tribolium madens","Complete",254.28,NA,NA,"FD",1
"52","Coleoptera_Zabrotes_subfasciatus","Metazoa","Arthropoda","Hexapoda","Insecta","Pterygota","Neoptera","Endopterygota","Coleoptera","Polyphaga","Cucujiformia","Chrysomeloidea","Chrysomelidae","Bruchinae","Zabrotes","Zabrotes subfasciatus","Complete",733.5,NA,NA,"FCM",1
"53","Dermaptera_Labidura_riparia","Metazoa","Arthropoda","Hexapoda","Insecta","Pterygota","Neoptera","Polyneoptera","Dermaptera","Neodermaptera","Epidermaptera","Anisolabidoidea","Labiduridae","no_rank","Labidura","Labidura riparia","Incomplete",518.34,NA,NA,"FCM",1
"54","Diptera_Aedes_aegypti","Metazoa","Arthropoda","Hexapoda","Insecta","Pterygota","Neoptera","Endopterygota","Diptera","Nematocera","Culicomorpha","Culicoidea","Culicidae","Culicinae","Aedes","Aedes aegypti","Complete",1007.34,304.282190080195,0.302065032739884,"FD",2
"55","Diptera_Aedes_polynesiensis","Metazoa","Arthropoda","Hexapoda","Insecta","Pterygota","Neoptera","Endopterygota","Diptera","Nematocera","Culicomorpha","Culicoidea","Culicidae","Culicinae","Aedes","Aedes polynesiensis","Complete",713.94,NA,NA,"FD",1
"56","Diptera_Anopheles_atroparvus","Metazoa","Arthropoda","Hexapoda","Insecta","Pterygota","Neoptera","Endopterygota","Diptera","Nematocera","Culicomorpha","Culicoidea","Culicidae","Anophelinae","Anopheles","Anopheles atroparvus","Complete",234.72,NA,NA,"FD",1
"57","Diptera_Anopheles_freeborni","Metazoa","Arthropoda","Hexapoda","Insecta","Pterygota","Neoptera","Endopterygota","Diptera","Nematocera","Culicomorpha","Culicoidea","Culicidae","Anophelinae","Anopheles","Anopheles freeborni","Complete",283.62,NA,NA,"FD",1
"58","Diptera_Anopheles_gambiae","Metazoa","Arthropoda","Hexapoda","Insecta","Pterygota","Neoptera","Endopterygota","Diptera","Nematocera","Culicomorpha","Culicoidea","Culicidae","Anophelinae","Anopheles","Anopheles gambiae","Complete",264.06,NA,NA,"BCA",1
"59","Diptera_Anopheles_labranchiae","Metazoa","Arthropoda","Hexapoda","Insecta","Pterygota","Neoptera","Endopterygota","Diptera","Nematocera","Culicomorpha","Culicoidea","Culicidae","Anophelinae","Anopheles","Anopheles labranchiae","Complete",224.94,NA,NA,"FD",1
"60","Diptera_Anopheles_quadrimaculatus","Metazoa","Arthropoda","Hexapoda","Insecta","Pterygota","Neoptera","Endopterygota","Diptera","Nematocera","Culicomorpha","Culicoidea","Culicidae","Anophelinae","Anopheles","Anopheles quadrimaculatus","Complete",244.5,NA,NA,"FD",1
"61","Diptera_Anopheles_stephensi","Metazoa","Arthropoda","Hexapoda","Insecta","Pterygota","Neoptera","Endopterygota","Diptera","Nematocera","Culicomorpha","Culicoidea","Culicidae","Anophelinae","Anopheles","Anopheles stephensi","Complete",234.72,NA,NA,"FD",1
"62","Diptera_Calliphora_vicina","Metazoa","Arthropoda","Hexapoda","Insecta","Pterygota","Neoptera","Endopterygota","Diptera","Brachycera","Muscomorpha","Oestroidea","Calliphoridae","Calliphorinae","Calliphora","Calliphora vicina","Complete",743.28,NA,NA,"FCM",1
"63","Diptera_Chaoborus_americanus","Metazoa","Arthropoda","Hexapoda","Insecta","Pterygota","Neoptera","Endopterygota","Diptera","Nematocera","Culicomorpha","Culicoidea","Chaoboridae","Chaoborinae","Chaoborus","Chaoborus americanus","Complete",391.2,NA,NA,"FD",1
"64","Diptera_Chironomus_tentans","Metazoa","Arthropoda","Hexapoda","Insecta","Pterygota","Neoptera","Endopterygota","Diptera","Nematocera","Culicomorpha","Chironomoidea","Chironomidae","Chironominae","Chironomus","Chironomus tentans","Complete",229.83,20.7465129600133,0.090268950789772,"BCA",2
"65","Diptera_Chrysomya_megacephala","Metazoa","Arthropoda","Hexapoda","Insecta","Pterygota","Neoptera","Endopterygota","Diptera","Brachycera","Muscomorpha","Oestroidea","Calliphoridae","Chrysomyinae","Chrysomya","Chrysomya megacephala","Complete",655.26,NA,NA,"FCM",1
"66","Diptera_Chrysomya_pinguis","Metazoa","Arthropoda","Hexapoda","Insecta","Pterygota","Neoptera","Endopterygota","Diptera","Brachycera","Muscomorpha","Oestroidea","Calliphoridae","Chrysomyinae","Chrysomya","Chrysomya pinguis","Complete",1134.48,NA,NA,"FD",1
"67","Diptera_Chrysomya_rufifacies","Metazoa","Arthropoda","Hexapoda","Insecta","Pterygota","Neoptera","Endopterygota","Diptera","Brachycera","Muscomorpha","Oestroidea","Calliphoridae","Chrysomyinae","Chrysomya","Chrysomya rufifacies","Complete",430.32,NA,NA,"FCM",1
"68","Diptera_Chrysomya_varipes","Metazoa","Arthropoda","Hexapoda","Insecta","Pterygota","Neoptera","Endopterygota","Diptera","Brachycera","Muscomorpha","Oestroidea","Calliphoridae","Chrysomyinae","Chrysomya","Chrysomya varipes","Complete",508.56,NA,NA,"FD",1
"69","Diptera_Clogmia_albipunctata","Metazoa","Arthropoda","Hexapoda","Insecta","Pterygota","Neoptera","Endopterygota","Diptera","Nematocera","Psychodomorpha","Psychodoidea","Psychodidae","Psychodinae","Clogmia","Clogmia albipunctata","Complete",312.96,0,0,"FCM",2
"70","Diptera_Cochliomyia_hominivorax","Metazoa","Arthropoda","Hexapoda","Insecta","Pterygota","Neoptera","Endopterygota","Diptera","Brachycera","Muscomorpha","Oestroidea","Calliphoridae","Chrysomyinae","Cochliomyia","Cochliomyia hominivorax","Complete",440.1,NA,NA,"FCM",1
"71","Diptera_Culex_pipiens","Metazoa","Arthropoda","Hexapoda","Insecta","Pterygota","Neoptera","Endopterygota","Diptera","Nematocera","Culicomorpha","Culicoidea","Culicidae","Culicinae","Culex","Culex pipiens","Complete",762.84,331.944207360213,0.435142634576337,"FD",2
"72","Diptera_Culex_quinquefasciatus","Metazoa","Arthropoda","Hexapoda","Insecta","Pterygota","Neoptera","Endopterygota","Diptera","Nematocera","Culicomorpha","Culicoidea","Culicidae","Culicinae","Culex","Culex quinquefasciatus","Complete",528.12,NA,NA,"FD",1
"73","Diptera_Delia_antiqua","Metazoa","Arthropoda","Hexapoda","Insecta","Pterygota","Neoptera","Endopterygota","Diptera","Brachycera","Muscomorpha","Muscoidea","Anthomyiidae","Anthomyiinae","Delia","Delia antiqua","Complete",713.94,NA,NA,"FD",1
"74","Diptera_Drosophila_albomicans","Metazoa","Arthropoda","Hexapoda","Insecta","Pterygota","Neoptera","Endopterygota","Diptera","Brachycera","Muscomorpha","Ephydroidea","Drosophilidae","Drosophilinae","Drosophila","Drosophila albomicans","Complete",218.25,3.32340187157677,0.0152274999843151,NA,2
"75","Diptera_Drosophila_ambigua","Metazoa","Arthropoda","Hexapoda","Insecta","Pterygota","Neoptera","Endopterygota","Diptera","Brachycera","Muscomorpha","Ephydroidea","Drosophilidae","Drosophilinae","Drosophila","Drosophila ambigua","Complete",176.04,NA,NA,"FCM",1
"76","Diptera_Drosophila_americana","Metazoa","Arthropoda","Hexapoda","Insecta","Pterygota","Neoptera","Endopterygota","Diptera","Brachycera","Muscomorpha","Ephydroidea","Drosophilidae","Drosophilinae","Drosophila","Drosophila americana","Complete",273.84,NA,NA,"FCM",1
"77","Diptera_Drosophila_ananassae","Metazoa","Arthropoda","Hexapoda","Insecta","Pterygota","Neoptera","Endopterygota","Diptera","Brachycera","Muscomorpha","Ephydroidea","Drosophilidae","Drosophilinae","Drosophila","Drosophila ananassae","Complete",198.86,14.939196765556,0.0751241917205876,"FCM",3
"78","Diptera_Drosophila_arawakana","Metazoa","Arthropoda","Hexapoda","Insecta","Pterygota","Neoptera","Endopterygota","Diptera","Brachycera","Muscomorpha","Ephydroidea","Drosophilidae","Drosophilinae","Drosophila","Drosophila arawakana","Complete",183.75,3.74766594028871,0.0203954608995304,NA,2
"79","Diptera_Drosophila_arizonae","Metazoa","Arthropoda","Hexapoda","Insecta","Pterygota","Neoptera","Endopterygota","Diptera","Brachycera","Muscomorpha","Ephydroidea","Drosophilidae","Drosophilinae","Drosophila","Drosophila arizonae","Complete",174.65,1.06066017177982,0.00607306139009345,NA,2
"80","Diptera_Drosophila_auraria","Metazoa","Arthropoda","Hexapoda","Insecta","Pterygota","Neoptera","Endopterygota","Diptera","Brachycera","Muscomorpha","Ephydroidea","Drosophilidae","Drosophilinae","Drosophila","Drosophila auraria","Complete",244.5,NA,NA,"FCM",1
"81","Diptera_Drosophila_azteca","Metazoa","Arthropoda","Hexapoda","Insecta","Pterygota","Neoptera","Endopterygota","Diptera","Brachycera","Muscomorpha","Ephydroidea","Drosophilidae","Drosophilinae","Drosophila","Drosophila azteca","Complete",195.6,NA,NA,"FCM",1
"82","Diptera_Drosophila_baimaii","Metazoa","Arthropoda","Hexapoda","Insecta","Pterygota","Neoptera","Endopterygota","Diptera","Brachycera","Muscomorpha","Ephydroidea","Drosophilidae","Drosophilinae","Drosophila","Drosophila baimaii","Complete",273.84,NA,NA,"FCM",1
"83","Diptera_Drosophila_barbarae","Metazoa","Arthropoda","Hexapoda","Insecta","Pterygota","Neoptera","Endopterygota","Diptera","Brachycera","Muscomorpha","Ephydroidea","Drosophilidae","Drosophilinae","Drosophila","Drosophila barbarae","Complete",195.6,NA,NA,"FCM",1
"84","Diptera_Drosophila_biarmipes","Metazoa","Arthropoda","Hexapoda","Insecta","Pterygota","Neoptera","Endopterygota","Diptera","Brachycera","Muscomorpha","Ephydroidea","Drosophilidae","Drosophilinae","Drosophila","Drosophila biarmipes","Complete",195.6,NA,NA,"FCM",1
"85","Diptera_Drosophila_biauraria","Metazoa","Arthropoda","Hexapoda","Insecta","Pterygota","Neoptera","Endopterygota","Diptera","Brachycera","Muscomorpha","Ephydroidea","Drosophilidae","Drosophilinae","Drosophila","Drosophila biauraria","Complete",224.94,NA,NA,"FCM",1
"86","Diptera_Drosophila_bifasciata","Metazoa","Arthropoda","Hexapoda","Insecta","Pterygota","Neoptera","Endopterygota","Diptera","Brachycera","Muscomorpha","Ephydroidea","Drosophilidae","Drosophilinae","Drosophila","Drosophila bifasciata","Complete",195.6,NA,NA,"FCM",1
"87","Diptera_Drosophila_bipectinata","Metazoa","Arthropoda","Hexapoda","Insecta","Pterygota","Neoptera","Endopterygota","Diptera","Brachycera","Muscomorpha","Ephydroidea","Drosophilidae","Drosophilinae","Drosophila","Drosophila bipectinata","Complete",195.6,NA,NA,"FCM",1
"88","Diptera_Drosophila_birchii","Metazoa","Arthropoda","Hexapoda","Insecta","Pterygota","Neoptera","Endopterygota","Diptera","Brachycera","Muscomorpha","Ephydroidea","Drosophilidae","Drosophilinae","Drosophila","Drosophila birchii","Complete",195.6,NA,NA,"FCM",1
"89","Diptera_Drosophila_bunnanda","Metazoa","Arthropoda","Hexapoda","Insecta","Pterygota","Neoptera","Endopterygota","Diptera","Brachycera","Muscomorpha","Ephydroidea","Drosophilidae","Drosophilinae","Drosophila","Drosophila bunnanda","Complete",215.16,NA,NA,"FCM",1
"90","Diptera_Drosophila_busckii","Metazoa","Arthropoda","Hexapoda","Insecta","Pterygota","Neoptera","Endopterygota","Diptera","Brachycera","Muscomorpha","Ephydroidea","Drosophilidae","Drosophilinae","Drosophila","Drosophila busckii","Complete",166.26,41.4930259200266,0.249567099242311,"FCM",2
"91","Diptera_Drosophila_buzzatii","Metazoa","Arthropoda","Hexapoda","Insecta","Pterygota","Neoptera","Endopterygota","Diptera","Brachycera","Muscomorpha","Ephydroidea","Drosophilidae","Drosophilinae","Drosophila","Drosophila buzzatii","Complete",176.04,NA,NA,"FCM",1
"92","Diptera_Drosophila_cardini","Metazoa","Arthropoda","Hexapoda","Insecta","Pterygota","Neoptera","Endopterygota","Diptera","Brachycera","Muscomorpha","Ephydroidea","Drosophilidae","Drosophilinae","Drosophila","Drosophila cardini","Complete",214.1,2.26274169979694,0.0105686207370245,NA,2
"93","Diptera_Drosophila_diplacantha","Metazoa","Arthropoda","Hexapoda","Insecta","Pterygota","Neoptera","Endopterygota","Diptera","Brachycera","Muscomorpha","Ephydroidea","Drosophilidae","Drosophilinae","Drosophila","Drosophila diplacantha","Complete",224.94,NA,NA,"FCM",1
"94","Diptera_Drosophila_dunni","Metazoa","Arthropoda","Hexapoda","Insecta","Pterygota","Neoptera","Endopterygota","Diptera","Brachycera","Muscomorpha","Ephydroidea","Drosophilidae","Drosophilinae","Drosophila","Drosophila dunni","Complete",286.55,0.636396103067877,0.00222089025673661,NA,2
"95","Diptera_Drosophila_elegans","Metazoa","Arthropoda","Hexapoda","Insecta","Pterygota","Neoptera","Endopterygota","Diptera","Brachycera","Muscomorpha","Ephydroidea","Drosophilidae","Drosophilinae","Drosophila","Drosophila elegans","Complete",195.6,NA,NA,"FCM",1
"96","Diptera_Drosophila_equinoxialis","Metazoa","Arthropoda","Hexapoda","Insecta","Pterygota","Neoptera","Endopterygota","Diptera","Brachycera","Muscomorpha","Ephydroidea","Drosophilidae","Drosophilinae","Drosophila","Drosophila equinoxialis","Complete",273.84,41.4930259200266,0.151522881682832,"FCM",2
"97","Diptera_Drosophila_ercepeae","Metazoa","Arthropoda","Hexapoda","Insecta","Pterygota","Neoptera","Endopterygota","Diptera","Brachycera","Muscomorpha","Ephydroidea","Drosophilidae","Drosophilinae","Drosophila","Drosophila ercepeae","Complete",215.16,NA,NA,"FCM",1
"98","Diptera_Drosophila_erecta","Metazoa","Arthropoda","Hexapoda","Insecta","Pterygota","Neoptera","Endopterygota","Diptera","Brachycera","Muscomorpha","Ephydroidea","Drosophilidae","Drosophilinae","Drosophila","Drosophila erecta","Complete",146.7,9.78,0.0666666666666667,"FCM",3
"99","Diptera_Drosophila_eugracilis","Metazoa","Arthropoda","Hexapoda","Insecta","Pterygota","Neoptera","Endopterygota","Diptera","Brachycera","Muscomorpha","Ephydroidea","Drosophilidae","Drosophilinae","Drosophila","Drosophila eugracilis","Complete",224.94,NA,NA,"FCM",1
"100","Diptera_Drosophila_ficusphila","Metazoa","Arthropoda","Hexapoda","Insecta","Pterygota","Neoptera","Endopterygota","Diptera","Brachycera","Muscomorpha","Ephydroidea","Drosophilidae","Drosophilinae","Drosophila","Drosophila ficusphila","Complete",185.82,NA,NA,"FCM",1
"101","Diptera_Drosophila_funebris","Metazoa","Arthropoda","Hexapoda","Insecta","Pterygota","Neoptera","Endopterygota","Diptera","Brachycera","Muscomorpha","Ephydroidea","Drosophilidae","Drosophilinae","Drosophila","Drosophila funebris","Complete",332.52,NA,NA,"FCM",1
"102","Diptera_Drosophila_fuyamai","Metazoa","Arthropoda","Hexapoda","Insecta","Pterygota","Neoptera","Endopterygota","Diptera","Brachycera","Muscomorpha","Ephydroidea","Drosophilidae","Drosophilinae","Drosophila","Drosophila fuyamai","Complete",264.06,NA,NA,"FCM",1
"103","Diptera_Drosophila_greeni","Metazoa","Arthropoda","Hexapoda","Insecta","Pterygota","Neoptera","Endopterygota","Diptera","Brachycera","Muscomorpha","Ephydroidea","Drosophilidae","Drosophilinae","Drosophila","Drosophila greeni","Complete",195.6,NA,NA,"FCM",1
"104","Diptera_Drosophila_grimshawi","Metazoa","Arthropoda","Hexapoda","Insecta","Pterygota","Neoptera","Endopterygota","Diptera","Brachycera","Muscomorpha","Ephydroidea","Drosophilidae","Drosophilinae","Drosophila","Drosophila grimshawi","Complete",239.61,6.91550432000444,0.0288615012729203,"FCM",2
"105","Diptera_Drosophila_guttifera","Metazoa","Arthropoda","Hexapoda","Insecta","Pterygota","Neoptera","Endopterygota","Diptera","Brachycera","Muscomorpha","Ephydroidea","Drosophilidae","Drosophilinae","Drosophila","Drosophila guttifera","Complete",156.48,NA,NA,"FCM",1
"106","Diptera_Drosophila_hawaiiensis","Metazoa","Arthropoda","Hexapoda","Insecta","Pterygota","Neoptera","Endopterygota","Diptera","Brachycera","Muscomorpha","Ephydroidea","Drosophilidae","Drosophilinae","Drosophila","Drosophila hawaiiensis","Complete",254.28,NA,NA,"FCM",1
"107","Diptera_Drosophila_heteroneura","Metazoa","Arthropoda","Hexapoda","Insecta","Pterygota","Neoptera","Endopterygota","Diptera","Brachycera","Muscomorpha","Ephydroidea","Drosophilidae","Drosophilinae","Drosophila","Drosophila heteroneura","Complete",205.38,NA,NA,"FCM",1
"108","Diptera_Drosophila_hydei","Metazoa","Arthropoda","Hexapoda","Insecta","Pterygota","Neoptera","Endopterygota","Diptera","Brachycera","Muscomorpha","Ephydroidea","Drosophilidae","Drosophilinae","Drosophila","Drosophila hydei","Complete",185.82,27.6620172800177,0.148864585512957,"FCM",2
"109","Diptera_Drosophila_immigrans","Metazoa","Arthropoda","Hexapoda","Insecta","Pterygota","Neoptera","Endopterygota","Diptera","Brachycera","Muscomorpha","Ephydroidea","Drosophilidae","Drosophilinae","Drosophila","Drosophila immigrans","Complete",303.18,NA,NA,"FCM",1
"110","Diptera_Drosophila_jambulina","Metazoa","Arthropoda","Hexapoda","Insecta","Pterygota","Neoptera","Endopterygota","Diptera","Brachycera","Muscomorpha","Ephydroidea","Drosophilidae","Drosophilinae","Drosophila","Drosophila jambulina","Complete",205.38,NA,NA,"FCM",1
"111","Diptera_Drosophila_kanapiae","Metazoa","Arthropoda","Hexapoda","Insecta","Pterygota","Neoptera","Endopterygota","Diptera","Brachycera","Muscomorpha","Ephydroidea","Drosophilidae","Drosophilinae","Drosophila","Drosophila kanapiae","Complete",166.26,NA,NA,"FCM",1
"112","Diptera_Drosophila_kepulauana","Metazoa","Arthropoda","Hexapoda","Insecta","Pterygota","Neoptera","Endopterygota","Diptera","Brachycera","Muscomorpha","Ephydroidea","Drosophilidae","Drosophilinae","Drosophila","Drosophila kepulauana","Complete",230.95,8.98025612106917,0.0388839840704445,NA,2
"113","Diptera_Drosophila_kikkawai","Metazoa","Arthropoda","Hexapoda","Insecta","Pterygota","Neoptera","Endopterygota","Diptera","Brachycera","Muscomorpha","Ephydroidea","Drosophilidae","Drosophilinae","Drosophila","Drosophila kikkawai","Complete",205.38,NA,NA,"FCM",1
"114","Diptera_Drosophila_koepferae","Metazoa","Arthropoda","Hexapoda","Insecta","Pterygota","Neoptera","Endopterygota","Diptera","Brachycera","Muscomorpha","Ephydroidea","Drosophilidae","Drosophilinae","Drosophila","Drosophila koepferae","Complete",176.04,NA,NA,"FCM",1
"115","Diptera_Drosophila_kohkoa","Metazoa","Arthropoda","Hexapoda","Insecta","Pterygota","Neoptera","Endopterygota","Diptera","Brachycera","Muscomorpha","Ephydroidea","Drosophilidae","Drosophilinae","Drosophila","Drosophila kohkoa","Complete",263.75,11.5258405333407,0.0436998693207231,NA,2
"116","Diptera_Drosophila_lacertosa","Metazoa","Arthropoda","Hexapoda","Insecta","Pterygota","Neoptera","Endopterygota","Diptera","Brachycera","Muscomorpha","Ephydroidea","Drosophilidae","Drosophilinae","Drosophila","Drosophila lacertosa","Complete",300.55,3.60624458405141,0.011998817448183,NA,2
"117","Diptera_Drosophila_lacteicornis","Metazoa","Arthropoda","Hexapoda","Insecta","Pterygota","Neoptera","Endopterygota","Diptera","Brachycera","Muscomorpha","Ephydroidea","Drosophilidae","Drosophilinae","Drosophila","Drosophila lacteicornis","Complete",244.5,NA,NA,"FCM",1
"118","Diptera_Drosophila_littoralis","Metazoa","Arthropoda","Hexapoda","Insecta","Pterygota","Neoptera","Endopterygota","Diptera","Brachycera","Muscomorpha","Ephydroidea","Drosophilidae","Drosophilinae","Drosophila","Drosophila littoralis","Complete",234.72,NA,NA,"FCM",1
"119","Diptera_Drosophila_lummei","Metazoa","Arthropoda","Hexapoda","Insecta","Pterygota","Neoptera","Endopterygota","Diptera","Brachycera","Muscomorpha","Ephydroidea","Drosophilidae","Drosophilinae","Drosophila","Drosophila lummei","Complete",310.6,2.96984848098349,0.00956164997097067,NA,2
"120","Diptera_Drosophila_malerkotliana","Metazoa","Arthropoda","Hexapoda","Insecta","Pterygota","Neoptera","Endopterygota","Diptera","Brachycera","Muscomorpha","Ephydroidea","Drosophilidae","Drosophilinae","Drosophila","Drosophila malerkotliana","Complete",195.6,0,0,"FCM",2
"121","Diptera_Drosophila_mauritiana","Metazoa","Arthropoda","Hexapoda","Insecta","Pterygota","Neoptera","Endopterygota","Diptera","Brachycera","Muscomorpha","Ephydroidea","Drosophilidae","Drosophilinae","Drosophila","Drosophila mauritiana","Complete",146.7,0,0,"FCM",2
"122","Diptera_Drosophila_mayri","Metazoa","Arthropoda","Hexapoda","Insecta","Pterygota","Neoptera","Endopterygota","Diptera","Brachycera","Muscomorpha","Ephydroidea","Drosophilidae","Drosophilinae","Drosophila","Drosophila mayri","Complete",254.28,NA,NA,"FCM",1
"123","Diptera_Drosophila_melanica","Metazoa","Arthropoda","Hexapoda","Insecta","Pterygota","Neoptera","Endopterygota","Diptera","Brachycera","Muscomorpha","Ephydroidea","Drosophilidae","Drosophilinae","Drosophila","Drosophila melanica","Complete",175.6,0.424264068711924,0.00241608239585378,NA,2
"124","Diptera_Drosophila_melanogaster","Metazoa","Arthropoda","Hexapoda","Insecta","Pterygota","Neoptera","Endopterygota","Diptera","Brachycera","Muscomorpha","Ephydroidea","Drosophilidae","Drosophilinae","Drosophila","Drosophila melanogaster","Complete",173.245714285714,16.6684080994985,0.0962125277858779,"FCM",7
"125","Diptera_Drosophila_micromelanica","Metazoa","Arthropoda","Hexapoda","Insecta","Pterygota","Neoptera","Endopterygota","Diptera","Brachycera","Muscomorpha","Ephydroidea","Drosophilidae","Drosophilinae","Drosophila","Drosophila micromelanica","Complete",206.75,0.494974746830575,0.00239407374525067,NA,2
"126","Diptera_Drosophila_miranda","Metazoa","Arthropoda","Hexapoda","Insecta","Pterygota","Neoptera","Endopterygota","Diptera","Brachycera","Muscomorpha","Ephydroidea","Drosophilidae","Drosophilinae","Drosophila","Drosophila miranda","Complete",176.04,NA,NA,"FCM",1
"127","Diptera_Drosophila_mojavensis","Metazoa","Arthropoda","Hexapoda","Insecta","Pterygota","Neoptera","Endopterygota","Diptera","Brachycera","Muscomorpha","Ephydroidea","Drosophilidae","Drosophilinae","Drosophila","Drosophila mojavensis","Complete",161.37,6.91550432000444,0.0428549564355483,"FCM",2
"128","Diptera_Drosophila_montana","Metazoa","Arthropoda","Hexapoda","Insecta","Pterygota","Neoptera","Endopterygota","Diptera","Brachycera","Muscomorpha","Ephydroidea","Drosophilidae","Drosophilinae","Drosophila","Drosophila montana","Complete",241.7,1.55563491861042,0.00643622225324955,NA,2
"129","Diptera_Drosophila_nannoptera","Metazoa","Arthropoda","Hexapoda","Insecta","Pterygota","Neoptera","Endopterygota","Diptera","Brachycera","Muscomorpha","Ephydroidea","Drosophilidae","Drosophilinae","Drosophila","Drosophila nannoptera","Complete",234.72,NA,NA,"FCM",1
"130","Diptera_Drosophila_nasuta","Metazoa","Arthropoda","Hexapoda","Insecta","Pterygota","Neoptera","Endopterygota","Diptera","Brachycera","Muscomorpha","Ephydroidea","Drosophilidae","Drosophilinae","Drosophila","Drosophila nasuta","Complete",244.05,2.33345237791559,0.00956137012053102,NA,2
"131","Diptera_Drosophila_navojoa","Metazoa","Arthropoda","Hexapoda","Insecta","Pterygota","Neoptera","Endopterygota","Diptera","Brachycera","Muscomorpha","Ephydroidea","Drosophilidae","Drosophilinae","Drosophila","Drosophila navojoa","Complete",163.1,9.75807358037436,0.0598287773168263,NA,2
"132","Diptera_Drosophila_nebulosa","Metazoa","Arthropoda","Hexapoda","Insecta","Pterygota","Neoptera","Endopterygota","Diptera","Brachycera","Muscomorpha","Ephydroidea","Drosophilidae","Drosophilinae","Drosophila","Drosophila nebulosa","Complete",185.82,NA,NA,"FCM",1
"133","Diptera_Drosophila_neocordata","Metazoa","Arthropoda","Hexapoda","Insecta","Pterygota","Neoptera","Endopterygota","Diptera","Brachycera","Muscomorpha","Ephydroidea","Drosophilidae","Drosophilinae","Drosophila","Drosophila neocordata","Complete",215.16,NA,NA,"FCM",1
"134","Diptera_Drosophila_novamexicana","Metazoa","Arthropoda","Hexapoda","Insecta","Pterygota","Neoptera","Endopterygota","Diptera","Brachycera","Muscomorpha","Ephydroidea","Drosophilidae","Drosophilinae","Drosophila","Drosophila novamexicana","Complete",244.5,NA,NA,"FCM",1
"135","Diptera_Drosophila_orena","Metazoa","Arthropoda","Hexapoda","Insecta","Pterygota","Neoptera","Endopterygota","Diptera","Brachycera","Muscomorpha","Ephydroidea","Drosophilidae","Drosophilinae","Drosophila","Drosophila orena","Complete",268.95,6.91550432000442,0.0257129738613289,"FCM",2
"136","Diptera_Drosophila_orosa","Metazoa","Arthropoda","Hexapoda","Insecta","Pterygota","Neoptera","Endopterygota","Diptera","Brachycera","Muscomorpha","Ephydroidea","Drosophilidae","Drosophilinae","Drosophila","Drosophila orosa","Complete",215.16,NA,NA,"FCM",1
"137","Diptera_Drosophila_pachea","Metazoa","Arthropoda","Hexapoda","Insecta","Pterygota","Neoptera","Endopterygota","Diptera","Brachycera","Muscomorpha","Ephydroidea","Drosophilidae","Drosophilinae","Drosophila","Drosophila pachea","Complete",162.4,19.9404112294606,0.122785783432639,NA,2
"138","Diptera_Drosophila_parabipectinata","Metazoa","Arthropoda","Hexapoda","Insecta","Pterygota","Neoptera","Endopterygota","Diptera","Brachycera","Muscomorpha","Ephydroidea","Drosophilidae","Drosophilinae","Drosophila","Drosophila parabipectinata","Complete",205.38,NA,NA,"FCM",1
"139","Diptera_Drosophila_paulistorum","Metazoa","Arthropoda","Hexapoda","Insecta","Pterygota","Neoptera","Endopterygota","Diptera","Brachycera","Muscomorpha","Ephydroidea","Drosophilidae","Drosophilinae","Drosophila","Drosophila paulistorum","Complete",234.72,NA,NA,"FCM",1
"140","Diptera_Drosophila_pectinifera","Metazoa","Arthropoda","Hexapoda","Insecta","Pterygota","Neoptera","Endopterygota","Diptera","Brachycera","Muscomorpha","Ephydroidea","Drosophilidae","Drosophilinae","Drosophila","Drosophila pectinifera","Complete",293.4,NA,NA,"FCM",1
"141","Diptera_Drosophila_persimilis","Metazoa","Arthropoda","Hexapoda","Insecta","Pterygota","Neoptera","Endopterygota","Diptera","Brachycera","Muscomorpha","Ephydroidea","Drosophilidae","Drosophilinae","Drosophila","Drosophila persimilis","Complete",180.93,6.91550432000444,0.0382219881722458,"FCM",2
"142","Diptera_Drosophila_phalerata","Metazoa","Arthropoda","Hexapoda","Insecta","Pterygota","Neoptera","Endopterygota","Diptera","Brachycera","Muscomorpha","Ephydroidea","Drosophilidae","Drosophilinae","Drosophila","Drosophila phalerata","Complete",236.8,4.94974746830583,0.0209026497816969,NA,2
"143","Diptera_Drosophila_pseudoananassae","Metazoa","Arthropoda","Hexapoda","Insecta","Pterygota","Neoptera","Endopterygota","Diptera","Brachycera","Muscomorpha","Ephydroidea","Drosophilidae","Drosophilinae","Drosophila","Drosophila pseudoananassae","Complete",224.94,NA,NA,"FCM",1
"144","Diptera_Drosophila_pseudoobscura","Metazoa","Arthropoda","Hexapoda","Insecta","Pterygota","Neoptera","Endopterygota","Diptera","Brachycera","Muscomorpha","Ephydroidea","Drosophilidae","Drosophilinae","Drosophila","Drosophila pseudoobscura","Complete",159.74,24.6124602589826,0.154078253781036,"FCM",3
"145","Diptera_Drosophila_pseudotakahashii","Metazoa","Arthropoda","Hexapoda","Insecta","Pterygota","Neoptera","Endopterygota","Diptera","Brachycera","Muscomorpha","Ephydroidea","Drosophilidae","Drosophilinae","Drosophila","Drosophila pseudotakahashii","Complete",205.38,NA,NA,"FCM",1
"146","Diptera_Drosophila_punjabiensis","Metazoa","Arthropoda","Hexapoda","Insecta","Pterygota","Neoptera","Endopterygota","Diptera","Brachycera","Muscomorpha","Ephydroidea","Drosophilidae","Drosophilinae","Drosophila","Drosophila punjabiensis","Complete",205.38,NA,NA,"FCM",1
"147","Diptera_Drosophila_repleta","Metazoa","Arthropoda","Hexapoda","Insecta","Pterygota","Neoptera","Endopterygota","Diptera","Brachycera","Muscomorpha","Ephydroidea","Drosophilidae","Drosophilinae","Drosophila","Drosophila repleta","Complete",166.26,NA,NA,"FCM",1
"148","Diptera_Drosophila_robusta","Metazoa","Arthropoda","Hexapoda","Insecta","Pterygota","Neoptera","Endopterygota","Diptera","Brachycera","Muscomorpha","Ephydroidea","Drosophilidae","Drosophilinae","Drosophila","Drosophila robusta","Complete",245.6,5.65685424949238,0.0230327941754576,NA,2
"149","Diptera_Drosophila_rubida","Metazoa","Arthropoda","Hexapoda","Insecta","Pterygota","Neoptera","Endopterygota","Diptera","Brachycera","Muscomorpha","Ephydroidea","Drosophilidae","Drosophilinae","Drosophila","Drosophila rubida","Complete",216.05,3.74766594028869,0.0173462899342221,NA,2
"150","Diptera_Drosophila_rufa","Metazoa","Arthropoda","Hexapoda","Insecta","Pterygota","Neoptera","Endopterygota","Diptera","Brachycera","Muscomorpha","Ephydroidea","Drosophilidae","Drosophilinae","Drosophila","Drosophila rufa","Complete",254.28,NA,NA,"FCM",1
"151","Diptera_Drosophila_santomea","Metazoa","Arthropoda","Hexapoda","Insecta","Pterygota","Neoptera","Endopterygota","Diptera","Brachycera","Muscomorpha","Ephydroidea","Drosophilidae","Drosophilinae","Drosophila","Drosophila santomea","Complete",166.26,13.8310086400089,0.0831890330807703,"FCM",2
"152","Diptera_Drosophila_sechellia","Metazoa","Arthropoda","Hexapoda","Insecta","Pterygota","Neoptera","Endopterygota","Diptera","Brachycera","Muscomorpha","Ephydroidea","Drosophilidae","Drosophilinae","Drosophila","Drosophila sechellia","Complete",166.26,0,0,"FCM",3
"153","Diptera_Drosophila_seguyi","Metazoa","Arthropoda","Hexapoda","Insecta","Pterygota","Neoptera","Endopterygota","Diptera","Brachycera","Muscomorpha","Ephydroidea","Drosophilidae","Drosophilinae","Drosophila","Drosophila seguyi","Complete",215.16,NA,NA,"FCM",1
"154","Diptera_Drosophila_serrata","Metazoa","Arthropoda","Hexapoda","Insecta","Pterygota","Neoptera","Endopterygota","Diptera","Brachycera","Muscomorpha","Ephydroidea","Drosophilidae","Drosophilinae","Drosophila","Drosophila serrata","Complete",205.38,NA,NA,"FCM",1
"155","Diptera_Drosophila_silvestris","Metazoa","Arthropoda","Hexapoda","Insecta","Pterygota","Neoptera","Endopterygota","Diptera","Brachycera","Muscomorpha","Ephydroidea","Drosophilidae","Drosophilinae","Drosophila","Drosophila silvestris","Complete",185.82,NA,NA,"FCM",1
"156","Diptera_Drosophila_simulans","Metazoa","Arthropoda","Hexapoda","Insecta","Pterygota","Neoptera","Endopterygota","Diptera","Brachycera","Muscomorpha","Ephydroidea","Drosophilidae","Drosophilinae","Drosophila","Drosophila simulans","Complete",146.7,6.91550432000444,0.0471404520791032,"FCM",5
"157","Diptera_Drosophila_subobscura","Metazoa","Arthropoda","Hexapoda","Insecta","Pterygota","Neoptera","Endopterygota","Diptera","Brachycera","Muscomorpha","Ephydroidea","Drosophilidae","Drosophilinae","Drosophila","Drosophila subobscura","Complete",146.7,NA,NA,"FCM",1
"158","Diptera_Drosophila_sucinea","Metazoa","Arthropoda","Hexapoda","Insecta","Pterygota","Neoptera","Endopterygota","Diptera","Brachycera","Muscomorpha","Ephydroidea","Drosophilidae","Drosophilinae","Drosophila","Drosophila sucinea","Complete",205.38,NA,NA,"FCM",1
"159","Diptera_Drosophila_suzukii","Metazoa","Arthropoda","Hexapoda","Insecta","Pterygota","Neoptera","Endopterygota","Diptera","Brachycera","Muscomorpha","Ephydroidea","Drosophilidae","Drosophilinae","Drosophila","Drosophila suzukii","Complete",327.63,20.7465129600133,0.0633229953301387,"FCM",2
"160","Diptera_Drosophila_takahashii","Metazoa","Arthropoda","Hexapoda","Insecta","Pterygota","Neoptera","Endopterygota","Diptera","Brachycera","Muscomorpha","Ephydroidea","Drosophilidae","Drosophilinae","Drosophila","Drosophila takahashii","Complete",195.6,NA,NA,"FCM",1
"161","Diptera_Drosophila_tani","Metazoa","Arthropoda","Hexapoda","Insecta","Pterygota","Neoptera","Endopterygota","Diptera","Brachycera","Muscomorpha","Ephydroidea","Drosophilidae","Drosophilinae","Drosophila","Drosophila tani","Complete",195.6,NA,NA,"FCM",1
"162","Diptera_Drosophila_teissieri","Metazoa","Arthropoda","Hexapoda","Insecta","Pterygota","Neoptera","Endopterygota","Diptera","Brachycera","Muscomorpha","Ephydroidea","Drosophilidae","Drosophilinae","Drosophila","Drosophila teissieri","Complete",151.59,6.91550432000444,0.045619792334616,"FCM",2
"163","Diptera_Drosophila_triauraria","Metazoa","Arthropoda","Hexapoda","Insecta","Pterygota","Neoptera","Endopterygota","Diptera","Brachycera","Muscomorpha","Ephydroidea","Drosophilidae","Drosophilinae","Drosophila","Drosophila triauraria","Complete",244.5,NA,NA,"FCM",1
"164","Diptera_Drosophila_tsacasi","Metazoa","Arthropoda","Hexapoda","Insecta","Pterygota","Neoptera","Endopterygota","Diptera","Brachycera","Muscomorpha","Ephydroidea","Drosophilidae","Drosophilinae","Drosophila","Drosophila tsacasi","Complete",215.16,NA,NA,"FCM",1
"165","Diptera_Drosophila_varians","Metazoa","Arthropoda","Hexapoda","Insecta","Pterygota","Neoptera","Endopterygota","Diptera","Brachycera","Muscomorpha","Ephydroidea","Drosophilidae","Drosophilinae","Drosophila","Drosophila varians","Complete",156.48,NA,NA,"FCM",1
"166","Diptera_Drosophila_virilis","Metazoa","Arthropoda","Hexapoda","Insecta","Pterygota","Neoptera","Endopterygota","Diptera","Brachycera","Muscomorpha","Ephydroidea","Drosophilidae","Drosophilinae","Drosophila","Drosophila virilis","Complete",366.75,48.4085302400311,0.131993265821489,"FCM",2
"167","Diptera_Drosophila_vulcana","Metazoa","Arthropoda","Hexapoda","Insecta","Pterygota","Neoptera","Endopterygota","Diptera","Brachycera","Muscomorpha","Ephydroidea","Drosophilidae","Drosophilinae","Drosophila","Drosophila vulcana","Complete",224.94,NA,NA,"FCM",1
"168","Diptera_Drosophila_willistoni","Metazoa","Arthropoda","Hexapoda","Insecta","Pterygota","Neoptera","Endopterygota","Diptera","Brachycera","Muscomorpha","Ephydroidea","Drosophilidae","Drosophilinae","Drosophila","Drosophila willistoni","Complete",205.38,NA,NA,"FCM",1
"169","Diptera_Episyrphus_balteatus","Metazoa","Arthropoda","Hexapoda","Insecta","Pterygota","Neoptera","Endopterygota","Diptera","Brachycera","Muscomorpha","Syrphoidea","Syrphidae","Syrphinae","Episyrphus","Episyrphus balteatus","Complete",528.12,NA,NA,"FCM",1
"170","Diptera_Glossina_fuscipes","Metazoa","Arthropoda","Hexapoda","Insecta","Pterygota","Neoptera","Endopterygota","Diptera","Brachycera","Muscomorpha","Hippoboscoidea","Glossinidae","no_rank","Glossina","Glossina fuscipes","Complete",489,NA,NA,"FCM",1
"171","Diptera_Glossina_morsitans","Metazoa","Arthropoda","Hexapoda","Insecta","Pterygota","Neoptera","Endopterygota","Diptera","Brachycera","Muscomorpha","Hippoboscoidea","Glossinidae","no_rank","Glossina","Glossina morsitans","Complete",528.12,NA,NA,"FCM",1
"172","Diptera_Glossina_pallidipes","Metazoa","Arthropoda","Hexapoda","Insecta","Pterygota","Neoptera","Endopterygota","Diptera","Brachycera","Muscomorpha","Hippoboscoidea","Glossinidae","no_rank","Glossina","Glossina pallidipes","Complete",459.66,NA,NA,"FCM",1
"173","Diptera_Glossina_palpalis","Metazoa","Arthropoda","Hexapoda","Insecta","Pterygota","Neoptera","Endopterygota","Diptera","Brachycera","Muscomorpha","Hippoboscoidea","Glossinidae","no_rank","Glossina","Glossina palpalis","Complete",430.32,NA,NA,"FCM",1
"174","Diptera_Haematobia_irritans","Metazoa","Arthropoda","Hexapoda","Insecta","Pterygota","Neoptera","Endopterygota","Diptera","Brachycera","Muscomorpha","Muscoidea","Muscidae","Muscinae","Haematobia","Haematobia irritans","Complete",1183.38,NA,NA,"FCM",1
"175","Diptera_Hermetia_illucens","Metazoa","Arthropoda","Hexapoda","Insecta","Pterygota","Neoptera","Endopterygota","Diptera","Brachycera","Stratiomyomorpha","no_rank","Stratiomyidae","Hermetiinae","Hermetia","Hermetia illucens","Complete",1154.04,NA,NA,"FCM",1
"176","Diptera_Lucilia_cuprina","Metazoa","Arthropoda","Hexapoda","Insecta","Pterygota","Neoptera","Endopterygota","Diptera","Brachycera","Muscomorpha","Oestroidea","Calliphoridae","Luciliinae","Lucilia","Lucilia cuprina","Complete",616.14,NA,NA,"FCM",1
"177","Diptera_Lucilia_sericata","Metazoa","Arthropoda","Hexapoda","Insecta","Pterygota","Neoptera","Endopterygota","Diptera","Brachycera","Muscomorpha","Oestroidea","Calliphoridae","Luciliinae","Lucilia","Lucilia sericata","Complete",674.82,NA,NA,"FCM",1
"178","Diptera_Mayetiola_destructor","Metazoa","Arthropoda","Hexapoda","Insecta","Pterygota","Neoptera","Endopterygota","Diptera","Nematocera","Bibionomorpha","Sciaroidea","Cecidomyiidae","Cecidomyiinae","Mayetiola","Mayetiola destructor","Complete",136.92,27.6620172800177,0.202030508910442,"FCM",2
"179","Diptera_Megaselia_abdita","Metazoa","Arthropoda","Hexapoda","Insecta","Pterygota","Neoptera","Endopterygota","Diptera","Brachycera","Muscomorpha","Platypezoidea","Phoridae","Metopininae","Megaselia","Megaselia abdita","Complete",557.46,NA,NA,"FCM",1
"180","Diptera_Musca_domestica","Metazoa","Arthropoda","Hexapoda","Insecta","Pterygota","Neoptera","Endopterygota","Diptera","Brachycera","Muscomorpha","Muscoidea","Muscidae","Muscinae","Musca","Musca domestica","Complete",948.66,69.1550432000443,0.0728976063078915,"FCM",2
"181","Diptera_Orygma_luctuosum","Metazoa","Arthropoda","Hexapoda","Insecta","Pterygota","Neoptera","Endopterygota","Diptera","Brachycera","Muscomorpha","Sciomyzoidea","Sepsidae","no_rank","Orygma","Orygma luctuosum","Complete",449.88,NA,NA,"FCM",1
"182","Diptera_Phormia_regina","Metazoa","Arthropoda","Hexapoda","Insecta","Pterygota","Neoptera","Endopterygota","Diptera","Brachycera","Muscomorpha","Oestroidea","Calliphoridae","Chrysomyinae","Phormia","Phormia regina","Complete",528.12,NA,NA,"FCM",1
"183","Diptera_Polypedilum_nubifer","Metazoa","Arthropoda","Hexapoda","Insecta","Pterygota","Neoptera","Endopterygota","Diptera","Nematocera","Culicomorpha","Chironomoidea","Chironomidae","Chironominae","Polypedilum","Polypedilum nubifer","Complete",97.8,NA,NA,"FCM",1
"184","Diptera_Polypedilum_vanderplanki","Metazoa","Arthropoda","Hexapoda","Insecta","Pterygota","Neoptera","Endopterygota","Diptera","Nematocera","Culicomorpha","Chironomoidea","Chironomidae","Chironominae","Polypedilum","Polypedilum vanderplanki","Complete",97.8,NA,NA,"FCM",1
"185","Diptera_Protophormia_terraenovae","Metazoa","Arthropoda","Hexapoda","Insecta","Pterygota","Neoptera","Endopterygota","Diptera","Brachycera","Muscomorpha","Oestroidea","Calliphoridae","Chrysomyinae","Protophormia","Protophormia terraenovae","Complete",762.84,NA,NA,"FCM",1
"186","Diptera_Rhagoletis_pomonella","Metazoa","Arthropoda","Hexapoda","Insecta","Pterygota","Neoptera","Endopterygota","Diptera","Brachycera","Muscomorpha","Tephritoidea","Tephritidae","Trypetinae","Rhagoletis","Rhagoletis pomonella","Complete",948.66,NA,NA,"FCM",1
"187","Diptera_Sabethes_cyaneus","Metazoa","Arthropoda","Hexapoda","Insecta","Pterygota","Neoptera","Endopterygota","Diptera","Nematocera","Culicomorpha","Culicoidea","Culicidae","Culicinae","Sabethes","Sabethes cyaneus","Complete",772.62,NA,NA,"FD",1
"188","Diptera_Sarcophaga_bullata","Metazoa","Arthropoda","Hexapoda","Insecta","Pterygota","Neoptera","Endopterygota","Diptera","Brachycera","Muscomorpha","Oestroidea","Sarcophagidae","Sarcophaginae","Sarcophaga","Sarcophaga bullata","Complete",743.28,NA,NA,"FD",1
"189","Diptera_Scaptodrosophila_lebanonensis","Metazoa","Arthropoda","Hexapoda","Insecta","Pterygota","Neoptera","Endopterygota","Diptera","Brachycera","Muscomorpha","Ephydroidea","Drosophilidae","Drosophilinae","Scaptodrosophila","Scaptodrosophila lebanonensis","Complete",234.72,27.6620172800177,0.117851130197758,"FCM",2
"190","Diptera_Scaptomyza_flava","Metazoa","Arthropoda","Hexapoda","Insecta","Pterygota","Neoptera","Endopterygota","Diptera","Brachycera","Muscomorpha","Ephydroidea","Drosophilidae","Drosophilinae","Scaptomyza","Scaptomyza flava","Complete",293.4,NA,NA,"FCM",1
"191","Diptera_Sepsis_punctum","Metazoa","Arthropoda","Hexapoda","Insecta","Pterygota","Neoptera","Endopterygota","Diptera","Brachycera","Muscomorpha","Sciomyzoidea","Sepsidae","no_rank","Sepsis","Sepsis punctum","Complete",264.06,NA,NA,"FCM",1
"192","Diptera_Stomoxys_calcitrans","Metazoa","Arthropoda","Hexapoda","Insecta","Pterygota","Neoptera","Endopterygota","Diptera","Brachycera","Muscomorpha","Muscoidea","Muscidae","Muscinae","Stomoxys","Stomoxys calcitrans","Complete",1134.48,NA,NA,"FCM",1
"193","Diptera_Themira_biloba","Metazoa","Arthropoda","Hexapoda","Insecta","Pterygota","Neoptera","Endopterygota","Diptera","Brachycera","Muscomorpha","Sciomyzoidea","Sepsidae","no_rank","Themira","Themira biloba","Complete",195.6,NA,NA,"FCM",1
"194","Diptera_Wyeomyia_smithii","Metazoa","Arthropoda","Hexapoda","Insecta","Pterygota","Neoptera","Endopterygota","Diptera","Nematocera","Culicomorpha","Culicoidea","Culicidae","Culicinae","Wyeomyia","Wyeomyia smithii","Complete",841.08,NA,NA,"FD",1
"195","Diptera_Zaprionus_bogoriensis","Metazoa","Arthropoda","Hexapoda","Insecta","Pterygota","Neoptera","Endopterygota","Diptera","Brachycera","Muscomorpha","Ephydroidea","Drosophilidae","Drosophilinae","Zaprionus","Zaprionus bogoriensis","Complete",225.6,1.83847763108502,0.00814928027963218,NA,2
"196","Diptera_Zaprionus_davidi","Metazoa","Arthropoda","Hexapoda","Insecta","Pterygota","Neoptera","Endopterygota","Diptera","Brachycera","Muscomorpha","Ephydroidea","Drosophilidae","Drosophilinae","Zaprionus","Zaprionus davidi","Complete",166.26,NA,NA,"FCM",1
"197","Diptera_Zaprionus_ghesquierei","Metazoa","Arthropoda","Hexapoda","Insecta","Pterygota","Neoptera","Endopterygota","Diptera","Brachycera","Muscomorpha","Ephydroidea","Drosophilidae","Drosophilinae","Zaprionus","Zaprionus ghesquierei","Complete",174.7,0.282842712474623,0.00161901953334072,NA,2
"198","Diptera_Zaprionus_indianus","Metazoa","Arthropoda","Hexapoda","Insecta","Pterygota","Neoptera","Endopterygota","Diptera","Brachycera","Muscomorpha","Ephydroidea","Drosophilidae","Drosophilinae","Zaprionus","Zaprionus indianus","Complete",215.16,NA,NA,"FCM",1
"199","Diptera_Zaprionus_inermis","Metazoa","Arthropoda","Hexapoda","Insecta","Pterygota","Neoptera","Endopterygota","Diptera","Brachycera","Muscomorpha","Ephydroidea","Drosophilidae","Drosophilinae","Zaprionus","Zaprionus inermis","Complete",202.55,0.777817459305198,0.0038401256939284,NA,2
"200","Diptera_Zaprionus_kolodkinae","Metazoa","Arthropoda","Hexapoda","Insecta","Pterygota","Neoptera","Endopterygota","Diptera","Brachycera","Muscomorpha","Ephydroidea","Drosophilidae","Drosophilinae","Zaprionus","Zaprionus kolodkinae","Complete",197.4,2.68700576850889,0.0136119846429022,NA,2
"201","Diptera_Zaprionus_lachaisei","Metazoa","Arthropoda","Hexapoda","Insecta","Pterygota","Neoptera","Endopterygota","Diptera","Brachycera","Muscomorpha","Ephydroidea","Drosophilidae","Drosophilinae","Zaprionus","Zaprionus lachaisei","Complete",191,4.66690475583123,0.0244340563132525,NA,2
"202","Diptera_Zaprionus_taronus","Metazoa","Arthropoda","Hexapoda","Insecta","Pterygota","Neoptera","Endopterygota","Diptera","Brachycera","Muscomorpha","Ephydroidea","Drosophilidae","Drosophilinae","Zaprionus","Zaprionus taronus","Complete",201.55,2.33345237791559,0.0115775359856889,NA,2
"203","Diptera_Zaprionus_tsacasi","Metazoa","Arthropoda","Hexapoda","Insecta","Pterygota","Neoptera","Endopterygota","Diptera","Brachycera","Muscomorpha","Ephydroidea","Drosophilidae","Drosophilinae","Zaprionus","Zaprionus tsacasi","Complete",221.45,0.494974746830595,0.00223515351921696,NA,2
"204","Hemiptera_Acyrthosiphon_pisum","Metazoa","Arthropoda","Hexapoda","Insecta","Pterygota","Neoptera","Paraneoptera","Hemiptera","Sternorrhyncha","Aphidomorpha","Aphidoidea","Aphididae","Aphidinae","Acyrthosiphon","Acyrthosiphon pisum","Incomplete",303.18,NA,NA,"FD",1
"205","Hemiptera_Adelges_sp._AdspAD","Metazoa","Arthropoda","Hexapoda","Insecta","Pterygota","Neoptera","Paraneoptera","Hemiptera","Sternorrhyncha","Aphidomorpha","Phylloxeroidea","Adelgidae","no_rank","Adelges","Adelges sp. AdspAD","Incomplete",381.42,NA,NA,"FD",1
"206","Hemiptera_Anasa_tristis","Metazoa","Arthropoda","Hexapoda","Insecta","Pterygota","Neoptera","Paraneoptera","Hemiptera","Heteroptera","Pentatomomorpha","Coreoidea","Coreidae","Coreinae","Anasa","Anasa tristis","Incomplete",1754.255,39.265639559289,0.0223830854461233,NA,2
"207","Hemiptera_Aphis_craccivora","Metazoa","Arthropoda","Hexapoda","Insecta","Pterygota","Neoptera","Paraneoptera","Hemiptera","Sternorrhyncha","Aphidomorpha","Aphidoidea","Aphididae","Aphidinae","Aphis","Aphis craccivora","Incomplete",410.76,NA,NA,"FCM",1
"208","Hemiptera_Aphis_nerii","Metazoa","Arthropoda","Hexapoda","Insecta","Pterygota","Neoptera","Paraneoptera","Hemiptera","Sternorrhyncha","Aphidomorpha","Aphidoidea","Aphididae","Aphidinae","Aphis","Aphis nerii","Incomplete",498.78,NA,NA,"FD",1
"209","Hemiptera_Apolygus_lucorum","Metazoa","Arthropoda","Hexapoda","Insecta","Pterygota","Neoptera","Paraneoptera","Hemiptera","Heteroptera","Cimicomorpha","Cimicoidea","Miridae","Mirinae","Apolygus","Apolygus lucorum","Incomplete",880.2,NA,NA,"FCM",1
"210","Hemiptera_Arilus_cristatus","Metazoa","Arthropoda","Hexapoda","Insecta","Pterygota","Neoptera","Paraneoptera","Hemiptera","Heteroptera","Cimicomorpha","Reduvioidea","Reduviidae","Harpactorinae","Arilus","Arilus cristatus","Incomplete",753.43,NA,NA,NA,1
"211","Hemiptera_Bemisia_tabaci","Metazoa","Arthropoda","Hexapoda","Insecta","Pterygota","Neoptera","Paraneoptera","Hemiptera","Sternorrhyncha","no_rank","Aleyrodoidea","Aleyrodidae","Aleyrodinae","Bemisia","Bemisia tabaci","Incomplete",665.04,NA,NA,"FCM",1
"212","Hemiptera_Chrysomphalus_aonidum","Metazoa","Arthropoda","Hexapoda","Insecta","Pterygota","Neoptera","Paraneoptera","Hemiptera","Sternorrhyncha","no_rank","Coccoidea","Diaspididae","no_rank","Chrysomphalus","Chrysomphalus aonidum","Incomplete",616.14,NA,NA,"FIA",1
"213","Hemiptera_Cyrtorhinus_lividipennis","Metazoa","Arthropoda","Hexapoda","Insecta","Pterygota","Neoptera","Paraneoptera","Hemiptera","Heteroptera","Cimicomorpha","Cimicoidea","Miridae","Orthotylinae","Cyrtorhinus","Cyrtorhinus lividipennis","Incomplete",352.08,NA,NA,"FCM",1
"214","Hemiptera_Diuraphis_noxia","Metazoa","Arthropoda","Hexapoda","Insecta","Pterygota","Neoptera","Paraneoptera","Hemiptera","Sternorrhyncha","Aphidomorpha","Aphidoidea","Aphididae","Aphidinae","Diuraphis","Diuraphis noxia","Incomplete",381.42,NA,NA,"FCM",1
"215","Hemiptera_Halyomorpha_halys","Metazoa","Arthropoda","Hexapoda","Insecta","Pterygota","Neoptera","Paraneoptera","Hemiptera","Heteroptera","Pentatomomorpha","Pentatomoidea","Pentatomidae","Pentatominae","Halyomorpha","Halyomorpha halys","Incomplete",1118.75,34.3512474300424,0.0307050256357921,NA,2
"216","Hemiptera_Homalodisca_vitripennis","Metazoa","Arthropoda","Hexapoda","Insecta","Pterygota","Neoptera","Paraneoptera","Hemiptera","Auchenorrhyncha","Cicadomorpha","Membracoidea","Cicadellidae","Cicadellinae","Homalodisca","Homalodisca vitripennis","Incomplete",1881.38,110.237947186983,0.0585941953177894,NA,2
"217","Hemiptera_Icerya_purchasi","Metazoa","Arthropoda","Hexapoda","Insecta","Pterygota","Neoptera","Paraneoptera","Hemiptera","Sternorrhyncha","no_rank","Coccoidea","Monophlebidae","no_rank","Icerya","Icerya purchasi","Incomplete",1106.118,NA,NA,"FIA",1
"218","Hemiptera_Jikradia_olitoria","Metazoa","Arthropoda","Hexapoda","Insecta","Pterygota","Neoptera","Paraneoptera","Hemiptera","Auchenorrhyncha","Cicadomorpha","Membracoidea","Cicadellidae","Coelidiinae","Jikradia","Jikradia olitoria","Incomplete",4533.22,NA,NA,NA,1
"219","Hemiptera_Kikihia_scutellaris","Metazoa","Arthropoda","Hexapoda","Insecta","Pterygota","Neoptera","Paraneoptera","Hemiptera","Auchenorrhyncha","Cicadomorpha","Cicadoidea","Cicadidae","Cicadettinae","Kikihia","Kikihia scutellaris","Incomplete",4337.43,NA,NA,NA,1
"220","Hemiptera_Laodelphax_striatellus","Metazoa","Arthropoda","Hexapoda","Insecta","Pterygota","Neoptera","Paraneoptera","Hemiptera","Auchenorrhyncha","Fulgoromorpha","Fulgoroidea","Delphacidae","Criomorphinae","Laodelphax","Laodelphax striatellus","Incomplete",508.56,NA,NA,"FCM",1
"221","Hemiptera_Macrosiphum_euphorbiae","Metazoa","Arthropoda","Hexapoda","Insecta","Pterygota","Neoptera","Paraneoptera","Hemiptera","Sternorrhyncha","Aphidomorpha","Aphidoidea","Aphididae","Aphidinae","Macrosiphum","Macrosiphum euphorbiae","Incomplete",391.2,NA,NA,"FD",1
"222","Hemiptera_Macrosiphum_rosae","Metazoa","Arthropoda","Hexapoda","Insecta","Pterygota","Neoptera","Paraneoptera","Hemiptera","Sternorrhyncha","Aphidomorpha","Aphidoidea","Aphididae","Aphidinae","Macrosiphum","Macrosiphum rosae","Incomplete",508.56,NA,NA,"FD",1
"223","Hemiptera_Magicicada_neotredecim","Metazoa","Arthropoda","Hexapoda","Insecta","Pterygota","Neoptera","Paraneoptera","Hemiptera","Auchenorrhyncha","Cicadomorpha","Cicadoidea","Cicadidae","Cicadettinae","Magicicada","Magicicada neotredecim","Incomplete",6508.24,74.0482221258554,0.011377610863437,NA,2
"224","Hemiptera_Magicicada_tredecassini","Metazoa","Arthropoda","Hexapoda","Insecta","Pterygota","Neoptera","Paraneoptera","Hemiptera","Auchenorrhyncha","Cicadomorpha","Cicadoidea","Cicadidae","Cicadettinae","Magicicada","Magicicada tredecassini","Incomplete",6504.195,165.158930881742,0.0253926782456156,NA,2
"225","Hemiptera_Magicicada_tredecim","Metazoa","Arthropoda","Hexapoda","Insecta","Pterygota","Neoptera","Paraneoptera","Hemiptera","Auchenorrhyncha","Cicadomorpha","Cicadoidea","Cicadidae","Cicadettinae","Magicicada","Magicicada tredecim","Incomplete",6371.52,158.165644815807,0.0248238481266333,NA,2
"226","Hemiptera_Magicicada_tredecula","Metazoa","Arthropoda","Hexapoda","Insecta","Pterygota","Neoptera","Paraneoptera","Hemiptera","Auchenorrhyncha","Cicadomorpha","Cicadoidea","Cicadidae","Cicadettinae","Magicicada","Magicicada tredecula","Incomplete",6455.545,198.605081631866,0.0307650371319332,NA,2
"227","Hemiptera_Metcalfa_pruinosa","Metazoa","Arthropoda","Hexapoda","Insecta","Pterygota","Neoptera","Paraneoptera","Hemiptera","Auchenorrhyncha","Fulgoromorpha","Fulgoroidea","Flatidae","no_rank","Metcalfa","Metcalfa pruinosa","Incomplete",1583.55,NA,NA,NA,1
"228","Hemiptera_Myzus_persicae","Metazoa","Arthropoda","Hexapoda","Insecta","Pterygota","Neoptera","Paraneoptera","Hemiptera","Sternorrhyncha","Aphidomorpha","Aphidoidea","Aphididae","Aphidinae","Myzus","Myzus persicae","Incomplete",312.96,NA,NA,"FD",1
"229","Hemiptera_Omolicna_uhleri","Metazoa","Arthropoda","Hexapoda","Insecta","Pterygota","Neoptera","Paraneoptera","Hemiptera","Auchenorrhyncha","Fulgoromorpha","Fulgoroidea","Derbidae","no_rank","Omolicna","Omolicna uhleri","Incomplete",2780.44,NA,NA,NA,1
"230","Hemiptera_Pachypsylla_venusta","Metazoa","Arthropoda","Hexapoda","Insecta","Pterygota","Neoptera","Paraneoptera","Hemiptera","Sternorrhyncha","no_rank","Psylloidea","Aphalaridae","no_rank","Pachypsylla","Pachypsylla venusta","Incomplete",723.72,NA,NA,"FCM",1
"231","Hemiptera_Paracoccus_marginatus","Metazoa","Arthropoda","Hexapoda","Insecta","Pterygota","Neoptera","Paraneoptera","Hemiptera","Sternorrhyncha","no_rank","Coccoidea","Pseudococcidae","no_rank","Paracoccus","Paracoccus marginatus","Incomplete",636.678,NA,NA,"FIA",1
"232","Hemiptera_Paraulacizes_irrorata","Metazoa","Arthropoda","Hexapoda","Insecta","Pterygota","Neoptera","Paraneoptera","Hemiptera","Auchenorrhyncha","Cicadomorpha","Membracoidea","Cicadellidae","Cicadellinae","Paraulacizes","Paraulacizes irrorata","Incomplete",3032.27,145.154880041974,0.0478700379722038,NA,2
"233","Hemiptera_Phenacoccus_solani","Metazoa","Arthropoda","Hexapoda","Insecta","Pterygota","Neoptera","Paraneoptera","Hemiptera","Sternorrhyncha","no_rank","Coccoidea","Pseudococcidae","no_rank","Phenacoccus","Phenacoccus solani","Incomplete",355.014,NA,NA,"FIA",1
"234","Hemiptera_Phenacoccus_solenopsis","Metazoa","Arthropoda","Hexapoda","Insecta","Pterygota","Neoptera","Paraneoptera","Hemiptera","Sternorrhyncha","no_rank","Coccoidea","Pseudococcidae","no_rank","Phenacoccus","Phenacoccus solenopsis","Incomplete",496.824,NA,NA,"FIA",1
"235","Hemiptera_Philaenus_spumarius","Metazoa","Arthropoda","Hexapoda","Insecta","Pterygota","Neoptera","Paraneoptera","Hemiptera","Auchenorrhyncha","Cicadomorpha","Cercopoidea","Aphrophoridae","no_rank","Philaenus","Philaenus spumarius","Incomplete",2581.92,NA,NA,"FCM",1
"236","Hemiptera_Pineus_sp._PispAD","Metazoa","Arthropoda","Hexapoda","Insecta","Pterygota","Neoptera","Paraneoptera","Hemiptera","Sternorrhyncha","Aphidomorpha","Phylloxeroidea","Adelgidae","no_rank","Pineus","Pineus sp. PispAD","Incomplete",361.86,NA,NA,"FD",1
"237","Hemiptera_Planococcus_citri","Metazoa","Arthropoda","Hexapoda","Insecta","Pterygota","Neoptera","Paraneoptera","Hemiptera","Sternorrhyncha","no_rank","Coccoidea","Pseudococcidae","no_rank","Planococcus","Planococcus citri","Incomplete",548.658,NA,NA,"FIA",1
"238","Hemiptera_Podisus_maculiventris","Metazoa","Arthropoda","Hexapoda","Insecta","Pterygota","Neoptera","Paraneoptera","Hemiptera","Heteroptera","Pentatomomorpha","Pentatomoidea","Pentatomidae","Asopinae","Podisus","Podisus maculiventris","Incomplete",868.295,13.3713892322376,0.0153995925719227,NA,2
"239","Hemiptera_Prosapia_bicincta","Metazoa","Arthropoda","Hexapoda","Insecta","Pterygota","Neoptera","Paraneoptera","Hemiptera","Auchenorrhyncha","Cicadomorpha","Cercopoidea","Cercopidae","Ischnorhininae","Prosapia","Prosapia bicincta","Incomplete",2137.45,NA,NA,NA,1
"240","Hemiptera_Pseudococcus_longispinus","Metazoa","Arthropoda","Hexapoda","Insecta","Pterygota","Neoptera","Paraneoptera","Hemiptera","Sternorrhyncha","no_rank","Coccoidea","Pseudococcidae","no_rank","Pseudococcus","Pseudococcus longispinus","Incomplete",385.332,NA,NA,"FIA",1
"241","Hemiptera_Pseudococcus_viburni","Metazoa","Arthropoda","Hexapoda","Insecta","Pterygota","Neoptera","Paraneoptera","Hemiptera","Sternorrhyncha","no_rank","Coccoidea","Pseudococcidae","no_rank","Pseudococcus","Pseudococcus viburni","Incomplete",623.964,NA,NA,"FIA",1
"242","Hemiptera_Pyrrhocoris_apterus","Metazoa","Arthropoda","Hexapoda","Insecta","Pterygota","Neoptera","Paraneoptera","Hemiptera","Heteroptera","Pentatomomorpha","Pyrrhocoroidea","Pyrrhocoridae","no_rank","Pyrrhocoris","Pyrrhocoris apterus","Incomplete",1193.16,NA,NA,"FD",1
"243","Hemiptera_Rhodnius_prolixus","Metazoa","Arthropoda","Hexapoda","Insecta","Pterygota","Neoptera","Paraneoptera","Hemiptera","Heteroptera","Cimicomorpha","Reduvioidea","Reduviidae","Triatominae","Rhodnius","Rhodnius prolixus","Incomplete",733.5,NA,NA,"FCM",1
"244","Hemiptera_Schizaphis_graminum","Metazoa","Arthropoda","Hexapoda","Insecta","Pterygota","Neoptera","Paraneoptera","Hemiptera","Sternorrhyncha","Aphidomorpha","Aphidoidea","Aphididae","Aphidinae","Schizaphis","Schizaphis graminum","Incomplete",518.34,NA,NA,"FCM",1
"245","Hemiptera_Sogatella_furcifera","Metazoa","Arthropoda","Hexapoda","Insecta","Pterygota","Neoptera","Paraneoptera","Hemiptera","Auchenorrhyncha","Fulgoromorpha","Fulgoroidea","Delphacidae","Delphacinae","Sogatella","Sogatella furcifera","Incomplete",694.38,NA,NA,"FCM",1
"246","Hemiptera_Tamalia_coweni","Metazoa","Arthropoda","Hexapoda","Insecta","Pterygota","Neoptera","Paraneoptera","Hemiptera","Sternorrhyncha","Aphidomorpha","Aphidoidea","Aphididae","Tamaliinae","Tamalia","Tamalia coweni","Incomplete",616.14,NA,NA,"FD",1
"247","Hemiptera_Triatoma_dimidiata","Metazoa","Arthropoda","Hexapoda","Insecta","Pterygota","Neoptera","Paraneoptera","Hemiptera","Heteroptera","Cimicomorpha","Reduvioidea","Reduviidae","Triatominae","Triatoma","Triatoma dimidiata","Incomplete",968.22,73.837380776948,0.0762609538916238,"FCM",3
"248","Hemiptera_Triatoma_infestans","Metazoa","Arthropoda","Hexapoda","Insecta","Pterygota","Neoptera","Paraneoptera","Hemiptera","Heteroptera","Cimicomorpha","Reduvioidea","Reduviidae","Triatominae","Triatoma","Triatoma infestans","Incomplete",1618.59,238.158563146489,0.147139524614936,"FCM",4
"249","Hemiptera_Triatoma_sordida","Metazoa","Arthropoda","Hexapoda","Insecta","Pterygota","Neoptera","Paraneoptera","Hemiptera","Heteroptera","Cimicomorpha","Reduvioidea","Reduviidae","Triatominae","Triatoma","Triatoma sordida","Incomplete",1095.36,NA,NA,"FCM",1
"250","Hemiptera_Tytthus_chinensis","Metazoa","Arthropoda","Hexapoda","Insecta","Pterygota","Neoptera","Paraneoptera","Hemiptera","Heteroptera","Cimicomorpha","Cimicoidea","Miridae","Phylinae","Tytthus","Tytthus chinensis","Incomplete",400.98,NA,NA,"FCM",1
"251","Hemiptera_Unaspis_euonymi","Metazoa","Arthropoda","Hexapoda","Insecta","Pterygota","Neoptera","Paraneoptera","Hemiptera","Sternorrhyncha","no_rank","Coccoidea","Diaspididae","no_rank","Unaspis","Unaspis euonymi","Incomplete",502.692,NA,NA,"FIA",1
"252","Hymenoptera_Agapostemon_virescens","Metazoa","Arthropoda","Hexapoda","Insecta","Pterygota","Neoptera","Endopterygota","Hymenoptera","Apocrita","Aculeata","Apoidea","Halictidae","Halictinae","Agapostemon","Agapostemon virescens","Complete",874.3,NA,NA,NA,1
"253","Hymenoptera_Aphaenogaster_fulva","Metazoa","Arthropoda","Hexapoda","Insecta","Pterygota","Neoptera","Endopterygota","Hymenoptera","Apocrita","Aculeata","Formicoidea","Formicidae","Myrmicinae","Aphaenogaster","Aphaenogaster fulva","Complete",410.76,NA,NA,"FCM",1
"254","Hymenoptera_Aphelinus_abdominalis","Metazoa","Arthropoda","Hexapoda","Insecta","Pterygota","Neoptera","Endopterygota","Hymenoptera","Apocrita","Proctotrupomorpha","Chalcidoidea","Aphelinidae","Aphelininae","Aphelinus","Aphelinus abdominalis","Complete",635.7,NA,NA,"FCM",1
"255","Hymenoptera_Aphelinus_atriplicis","Metazoa","Arthropoda","Hexapoda","Insecta","Pterygota","Neoptera","Endopterygota","Hymenoptera","Apocrita","Proctotrupomorpha","Chalcidoidea","Aphelinidae","Aphelininae","Aphelinus","Aphelinus atriplicis","Complete",352.08,NA,NA,"FCM",1
"256","Hymenoptera_Aphelinus_certus","Metazoa","Arthropoda","Hexapoda","Insecta","Pterygota","Neoptera","Endopterygota","Hymenoptera","Apocrita","Proctotrupomorpha","Chalcidoidea","Aphelinidae","Aphelininae","Aphelinus","Aphelinus certus","Complete",361.86,NA,NA,"FCM",1
"257","Hymenoptera_Aphidius_colemani","Metazoa","Arthropoda","Hexapoda","Insecta","Pterygota","Neoptera","Endopterygota","Hymenoptera","Apocrita","no_rank","Ichneumonoidea","Braconidae","Aphidiinae","Aphidius","Aphidius colemani","Complete",97.8,NA,NA,"FCM",1
"258","Hymenoptera_Aphidius_ervi","Metazoa","Arthropoda","Hexapoda","Insecta","Pterygota","Neoptera","Endopterygota","Hymenoptera","Apocrita","no_rank","Ichneumonoidea","Braconidae","Aphidiinae","Aphidius","Aphidius ervi","Complete",146.7,13.8310086400089,0.0942809041582064,"FCM",2
"259","Hymenoptera_Apis_cerana","Metazoa","Arthropoda","Hexapoda","Insecta","Pterygota","Neoptera","Endopterygota","Hymenoptera","Apocrita","Aculeata","Apoidea","Apidae","Apinae","Apis","Apis cerana","Complete",185.82,NA,NA,"BCA",1
"260","Hymenoptera_Apis_mellifera","Metazoa","Arthropoda","Hexapoda","Insecta","Pterygota","Neoptera","Endopterygota","Hymenoptera","Apocrita","Aculeata","Apoidea","Apidae","Apinae","Apis","Apis mellifera","Complete",249.39,20.7465129600133,0.0831890330807703,"FCM",2
"261","Hymenoptera_Atta_cephalotes","Metazoa","Arthropoda","Hexapoda","Insecta","Pterygota","Neoptera","Endopterygota","Hymenoptera","Apocrita","Aculeata","Formicoidea","Formicidae","Myrmicinae","Atta","Atta cephalotes","Complete",303.18,NA,NA,"FCM",1
"262","Hymenoptera_Atta_texana","Metazoa","Arthropoda","Hexapoda","Insecta","Pterygota","Neoptera","Endopterygota","Hymenoptera","Apocrita","Aculeata","Formicoidea","Formicidae","Myrmicinae","Atta","Atta texana","Complete",264.06,NA,NA,"FCM",1
"263","Hymenoptera_Belonocnema_treatae","Metazoa","Arthropoda","Hexapoda","Insecta","Pterygota","Neoptera","Endopterygota","Hymenoptera","Apocrita","Proctotrupomorpha","Cynipoidea","Cynipidae","Cynipinae","Belonocnema","Belonocnema treatae","Complete",1927,NA,NA,NA,1
"264","Hymenoptera_Bombus_impatiens","Metazoa","Arthropoda","Hexapoda","Insecta","Pterygota","Neoptera","Endopterygota","Hymenoptera","Apocrita","Aculeata","Apoidea","Apidae","Apinae","Bombus","Bombus impatiens","Complete",484.11,34.5775216000222,0.0714249273925805,"FCM",2
"265","Hymenoptera_Bombus_terrestris","Metazoa","Arthropoda","Hexapoda","Insecta","Pterygota","Neoptera","Endopterygota","Hymenoptera","Apocrita","Aculeata","Apoidea","Apidae","Apinae","Bombus","Bombus terrestris","Complete",518.34,152.141095040098,0.293516022379322,"FCM",2
"266","Hymenoptera_Camponotus_castaneus","Metazoa","Arthropoda","Hexapoda","Insecta","Pterygota","Neoptera","Endopterygota","Hymenoptera","Apocrita","Aculeata","Formicoidea","Formicidae","Formicinae","Camponotus","Camponotus castaneus","Complete",303.18,NA,NA,"FCM",1
"267","Hymenoptera_Camponotus_floridanus","Metazoa","Arthropoda","Hexapoda","Insecta","Pterygota","Neoptera","Endopterygota","Hymenoptera","Apocrita","Aculeata","Formicoidea","Formicidae","Formicinae","Camponotus","Camponotus floridanus","Complete",224.94,NA,NA,"FIA",1
"268","Hymenoptera_Camponotus_pennsylvanicus","Metazoa","Arthropoda","Hexapoda","Insecta","Pterygota","Neoptera","Endopterygota","Hymenoptera","Apocrita","Aculeata","Formicoidea","Formicidae","Formicinae","Camponotus","Camponotus pennsylvanicus","Complete",322.74,NA,NA,"FCM",1
"269","Hymenoptera_Cephus_cinctus","Metazoa","Arthropoda","Hexapoda","Insecta","Pterygota","Neoptera","Endopterygota","Hymenoptera","no_rank","no_rank","Cephoidea","Cephidae","no_rank","Cephus","Cephus cinctus","Complete",205.38,NA,NA,"FCM",1
"270","Hymenoptera_Ceratina_calcarata","Metazoa","Arthropoda","Hexapoda","Insecta","Pterygota","Neoptera","Endopterygota","Hymenoptera","Apocrita","Aculeata","Apoidea","Apidae","Xylocopinae","Ceratina","Ceratina calcarata","Complete",665.04,NA,NA,"FCM",1
"271","Hymenoptera_Chalybion_californicum","Metazoa","Arthropoda","Hexapoda","Insecta","Pterygota","Neoptera","Endopterygota","Hymenoptera","Apocrita","Aculeata","Apoidea","Sphecidae","Sceliphrinae","Chalybion","Chalybion californicum","Complete",528.12,NA,NA,"FCM",1
"272","Hymenoptera_Copidosoma_floridanum","Metazoa","Arthropoda","Hexapoda","Insecta","Pterygota","Neoptera","Endopterygota","Hymenoptera","Apocrita","Proctotrupomorpha","Chalcidoidea","Encyrtidae","Encyrtinae","Copidosoma","Copidosoma floridanum","Complete",557.46,NA,NA,"FIA",1
"273","Hymenoptera_Cotesia_flavipes","Metazoa","Arthropoda","Hexapoda","Insecta","Pterygota","Neoptera","Endopterygota","Hymenoptera","Apocrita","no_rank","Ichneumonoidea","Braconidae","Microgastrinae","Cotesia","Cotesia flavipes","Complete",176.04,NA,NA,"FCM",1
"274","Hymenoptera_Dacnusa_sibirica","Metazoa","Arthropoda","Hexapoda","Insecta","Pterygota","Neoptera","Endopterygota","Hymenoptera","Apocrita","no_rank","Ichneumonoidea","Braconidae","Alysiinae","Dacnusa","Dacnusa sibirica","Complete",156.48,NA,NA,"FCM",1
"275","Hymenoptera_Dasymutilla_occidentalis","Metazoa","Arthropoda","Hexapoda","Insecta","Pterygota","Neoptera","Endopterygota","Hymenoptera","Apocrita","Aculeata","Pompiloidea","Mutillidae","Sphaeropthalminae","Dasymutilla","Dasymutilla occidentalis","Complete",655.26,NA,NA,"FCM",1
"276","Hymenoptera_Diacamma_sp._Okinawa2006a","Metazoa","Arthropoda","Hexapoda","Insecta","Pterygota","Neoptera","Endopterygota","Hymenoptera","Apocrita","Aculeata","Formicoidea","Formicidae","Ponerinae","Diacamma","Diacamma sp. Okinawa-2006a","Complete",355.4,NA,NA,NA,1
"277","Hymenoptera_Diglyphus_isaea","Metazoa","Arthropoda","Hexapoda","Insecta","Pterygota","Neoptera","Endopterygota","Hymenoptera","Apocrita","Proctotrupomorpha","Chalcidoidea","Eulophidae","Eulophinae","Diglyphus","Diglyphus isaea","Complete",224.94,NA,NA,"FCM",1
"278","Hymenoptera_Dolichovespula_arenaria","Metazoa","Arthropoda","Hexapoda","Insecta","Pterygota","Neoptera","Endopterygota","Hymenoptera","Apocrita","Aculeata","Vespoidea","Vespidae","Vespinae","Dolichovespula","Dolichovespula arenaria","Complete",312.96,NA,NA,"FCM",1
"279","Hymenoptera_Dufourea_novaeangliae","Metazoa","Arthropoda","Hexapoda","Insecta","Pterygota","Neoptera","Endopterygota","Hymenoptera","Apocrita","Aculeata","Apoidea","Halictidae","Rophitinae","Dufourea","Dufourea novaeangliae","Complete",342,NA,NA,NA,1
"280","Hymenoptera_Ectemnius_continuus","Metazoa","Arthropoda","Hexapoda","Insecta","Pterygota","Neoptera","Endopterygota","Hymenoptera","Apocrita","Aculeata","Apoidea","Crabronidae","Crabroninae","Ectemnius","Ectemnius continuus","Complete",371.64,NA,NA,"FCM",1
"281","Hymenoptera_Encarsia_formosa","Metazoa","Arthropoda","Hexapoda","Insecta","Pterygota","Neoptera","Endopterygota","Hymenoptera","Apocrita","Proctotrupomorpha","Chalcidoidea","Aphelinidae","Coccophaginae","Encarsia","Encarsia formosa","Complete",410.76,NA,NA,"FCM",1
"282","Hymenoptera_Eufriesea_mexicana","Metazoa","Arthropoda","Hexapoda","Insecta","Pterygota","Neoptera","Endopterygota","Hymenoptera","Apocrita","Aculeata","Apoidea","Apidae","Apinae","Eufriesea","Eufriesea mexicana","Complete",1939.7,NA,NA,NA,1
"283","Hymenoptera_Euglossa_dilemma","Metazoa","Arthropoda","Hexapoda","Insecta","Pterygota","Neoptera","Endopterygota","Hymenoptera","Apocrita","Aculeata","Apoidea","Apidae","Apinae","Euglossa","Euglossa dilemma","Complete",4268,NA,NA,NA,1
"284","Hymenoptera_Euglossa_viridissima","Metazoa","Arthropoda","Hexapoda","Insecta","Pterygota","Neoptera","Endopterygota","Hymenoptera","Apocrita","Aculeata","Apoidea","Apidae","Apinae","Euglossa","Euglossa viridissima","Complete",3872,NA,NA,NA,1
"285","Hymenoptera_Frieseomelitta_varia","Metazoa","Arthropoda","Hexapoda","Insecta","Pterygota","Neoptera","Endopterygota","Hymenoptera","Apocrita","Aculeata","Apoidea","Apidae","Apinae","Frieseomelitta","Frieseomelitta varia","Complete",459.66,NA,NA,"FCM",1
"286","Hymenoptera_Halictus_ligatus","Metazoa","Arthropoda","Hexapoda","Insecta","Pterygota","Neoptera","Endopterygota","Hymenoptera","Apocrita","Aculeata","Apoidea","Halictidae","Halictinae","Halictus","Halictus ligatus","Complete",586.8,NA,NA,"FCM",1
"287","Hymenoptera_Hyposoter_didymator","Metazoa","Arthropoda","Hexapoda","Insecta","Pterygota","Neoptera","Endopterygota","Hymenoptera","Apocrita","no_rank","Ichneumonoidea","Ichneumonidae","Campopleginae","Hyposoter","Hyposoter didymator","Complete",245.2,NA,NA,NA,1
"288","Hymenoptera_Leptomastix_dactylopii","Metazoa","Arthropoda","Hexapoda","Insecta","Pterygota","Neoptera","Endopterygota","Hymenoptera","Apocrita","Proctotrupomorpha","Chalcidoidea","Encyrtidae","Tetracneminae","Leptomastix","Leptomastix dactylopii","Complete",547.68,NA,NA,"FCM",1
"289","Hymenoptera_Leptopilina_boulardi","Metazoa","Arthropoda","Hexapoda","Insecta","Pterygota","Neoptera","Endopterygota","Hymenoptera","Apocrita","Proctotrupomorpha","Cynipoidea","Figitidae","Eucoilinae","Leptopilina","Leptopilina boulardi","Complete",361.86,NA,NA,"FCM",1
"290","Hymenoptera_Leptopilina_heterotoma","Metazoa","Arthropoda","Hexapoda","Insecta","Pterygota","Neoptera","Endopterygota","Hymenoptera","Apocrita","Proctotrupomorpha","Cynipoidea","Figitidae","Eucoilinae","Leptopilina","Leptopilina heterotoma","Complete",459.66,NA,NA,"FCM",1
"291","Hymenoptera_Leptopilina_victoriae","Metazoa","Arthropoda","Hexapoda","Insecta","Pterygota","Neoptera","Endopterygota","Hymenoptera","Apocrita","Proctotrupomorpha","Cynipoidea","Figitidae","Eucoilinae","Leptopilina","Leptopilina victoriae","Complete",518.34,NA,NA,"FCM",1
"292","Hymenoptera_Linepithema_humile","Metazoa","Arthropoda","Hexapoda","Insecta","Pterygota","Neoptera","Endopterygota","Hymenoptera","Apocrita","Aculeata","Formicoidea","Formicidae","Dolichoderinae","Linepithema","Linepithema humile","Complete",254.28,NA,NA,"FCM",1
"293","Hymenoptera_Macrocentrus_cingulum","Metazoa","Arthropoda","Hexapoda","Insecta","Pterygota","Neoptera","Endopterygota","Hymenoptera","Apocrita","no_rank","Ichneumonoidea","Braconidae","Macrocentrinae","Macrocentrus","Macrocentrus cingulum","Complete",156.48,NA,NA,"FCM",1
"294","Hymenoptera_Megachile_rotundata","Metazoa","Arthropoda","Hexapoda","Insecta","Pterygota","Neoptera","Endopterygota","Hymenoptera","Apocrita","Aculeata","Apoidea","Megachilidae","Megachilinae","Megachile","Megachile rotundata","Complete",811.74,NA,NA,"FCM",1
"295","Hymenoptera_Megalopta_genalis","Metazoa","Arthropoda","Hexapoda","Insecta","Pterygota","Neoptera","Endopterygota","Hymenoptera","Apocrita","Aculeata","Apoidea","Halictidae","Halictinae","Megalopta","Megalopta genalis","Complete",895.3,NA,NA,NA,1
"296","Hymenoptera_Melipona_quadrifasciata","Metazoa","Arthropoda","Hexapoda","Insecta","Pterygota","Neoptera","Endopterygota","Hymenoptera","Apocrita","Aculeata","Apoidea","Apidae","Apinae","Melipona","Melipona quadrifasciata","Complete",259.17,6.91550432000444,0.0266832747617565,"FCM",2
"297","Hymenoptera_Melipona_scutellaris","Metazoa","Arthropoda","Hexapoda","Insecta","Pterygota","Neoptera","Endopterygota","Hymenoptera","Apocrita","Aculeata","Apoidea","Apidae","Apinae","Melipona","Melipona scutellaris","Complete",1056.24,NA,NA,"FCM",1
"298","Hymenoptera_Microplitis_demolitor","Metazoa","Arthropoda","Hexapoda","Insecta","Pterygota","Neoptera","Endopterygota","Hymenoptera","Apocrita","no_rank","Ichneumonoidea","Braconidae","Microgastrinae","Microplitis","Microplitis demolitor","Complete",248.9,NA,NA,NA,1
"299","Hymenoptera_Nasonia_vitripennis","Metazoa","Arthropoda","Hexapoda","Insecta","Pterygota","Neoptera","Endopterygota","Hymenoptera","Apocrita","Proctotrupomorpha","Chalcidoidea","Pteromalidae","Pteromalinae","Nasonia","Nasonia vitripennis","Complete",332.52,NA,NA,"FD",1
"300","Hymenoptera_Odontomachus_brunneus","Metazoa","Arthropoda","Hexapoda","Insecta","Pterygota","Neoptera","Endopterygota","Hymenoptera","Apocrita","Aculeata","Formicoidea","Formicidae","Ponerinae","Odontomachus","Odontomachus brunneus","Complete",430.32,NA,NA,"FCM",1
"301","Hymenoptera_Odontomachus_chelifer","Metazoa","Arthropoda","Hexapoda","Insecta","Pterygota","Neoptera","Endopterygota","Hymenoptera","Apocrita","Aculeata","Formicoidea","Formicidae","Ponerinae","Odontomachus","Odontomachus chelifer","Complete",528.12,NA,NA,"FCM",1
"302","Hymenoptera_Pogonomyrmex_californicus","Metazoa","Arthropoda","Hexapoda","Insecta","Pterygota","Neoptera","Endopterygota","Hymenoptera","Apocrita","Aculeata","Formicoidea","Formicidae","Myrmicinae","Pogonomyrmex","Pogonomyrmex californicus","Complete",244.5,NA,NA,"FCM",1
"303","Hymenoptera_Polistes_dominula","Metazoa","Arthropoda","Hexapoda","Insecta","Pterygota","Neoptera","Endopterygota","Hymenoptera","Apocrita","Aculeata","Vespoidea","Vespidae","Polistinae","Polistes","Polistes dominula","Complete",293.4,13.8310086400089,0.0471404520791032,"FCM",2
"304","Hymenoptera_Polistes_dorsalis","Metazoa","Arthropoda","Hexapoda","Insecta","Pterygota","Neoptera","Endopterygota","Hymenoptera","Apocrita","Aculeata","Vespoidea","Vespidae","Polistinae","Polistes","Polistes dorsalis","Complete",469.44,NA,NA,"FIA",1
"305","Hymenoptera_Polistes_exclamans","Metazoa","Arthropoda","Hexapoda","Insecta","Pterygota","Neoptera","Endopterygota","Hymenoptera","Apocrita","Aculeata","Vespoidea","Vespidae","Polistinae","Polistes","Polistes exclamans","Complete",537.9,NA,NA,"FCM",1
"306","Hymenoptera_Polistes_fuscatus","Metazoa","Arthropoda","Hexapoda","Insecta","Pterygota","Neoptera","Endopterygota","Hymenoptera","Apocrita","Aculeata","Vespoidea","Vespidae","Polistinae","Polistes","Polistes fuscatus","Complete",400.98,NA,NA,"FCM",1
"307","Hymenoptera_Polistes_metricus","Metazoa","Arthropoda","Hexapoda","Insecta","Pterygota","Neoptera","Endopterygota","Hymenoptera","Apocrita","Aculeata","Vespoidea","Vespidae","Polistinae","Polistes","Polistes metricus","Complete",234.72,NA,NA,"FIA",1
"308","Hymenoptera_Prenolepis_imparis","Metazoa","Arthropoda","Hexapoda","Insecta","Pterygota","Neoptera","Endopterygota","Hymenoptera","Apocrita","Aculeata","Formicoidea","Formicidae","Formicinae","Prenolepis","Prenolepis imparis","Complete",293.4,NA,NA,"FCM",1
"309","Hymenoptera_Pseudomyrmex_gracilis","Metazoa","Arthropoda","Hexapoda","Insecta","Pterygota","Neoptera","Endopterygota","Hymenoptera","Apocrita","Aculeata","Formicoidea","Formicidae","Pseudomyrmecinae","Pseudomyrmex","Pseudomyrmex gracilis","Complete",391.2,NA,NA,"FCM",1
"310","Hymenoptera_Sceliphron_caementarium","Metazoa","Arthropoda","Hexapoda","Insecta","Pterygota","Neoptera","Endopterygota","Hymenoptera","Apocrita","Aculeata","Apoidea","Sphecidae","Sceliphrinae","Sceliphron","Sceliphron caementarium","Complete",1114.92,NA,NA,"FCM",1
"311","Hymenoptera_Solenopsis_invicta","Metazoa","Arthropoda","Hexapoda","Insecta","Pterygota","Neoptera","Endopterygota","Hymenoptera","Apocrita","Aculeata","Formicoidea","Formicidae","Myrmicinae","Solenopsis","Solenopsis invicta","Complete",753.06,NA,NA,"FCM",1
"312","Hymenoptera_Temnothorax_ambiguus","Metazoa","Arthropoda","Hexapoda","Insecta","Pterygota","Neoptera","Endopterygota","Hymenoptera","Apocrita","Aculeata","Formicoidea","Formicidae","Myrmicinae","Temnothorax","Temnothorax ambiguus","Complete",303.18,NA,NA,"FCM",1
"313","Hymenoptera_Tetragonisca_angustula","Metazoa","Arthropoda","Hexapoda","Insecta","Pterygota","Neoptera","Endopterygota","Hymenoptera","Apocrita","Aculeata","Apoidea","Apidae","Apinae","Tetragonisca","Tetragonisca angustula","Complete",880.2,NA,NA,"FCM",1
"314","Hymenoptera_Trachymyrmex_septentrionalis","Metazoa","Arthropoda","Hexapoda","Insecta","Pterygota","Neoptera","Endopterygota","Hymenoptera","Apocrita","Aculeata","Formicoidea","Formicidae","Myrmicinae","Trachymyrmex","Trachymyrmex septentrionalis","Complete",244.5,NA,NA,"FIA",1
"315","Hymenoptera_Trichogramma_brassicae","Metazoa","Arthropoda","Hexapoda","Insecta","Pterygota","Neoptera","Endopterygota","Hymenoptera","Apocrita","Proctotrupomorpha","Chalcidoidea","Trichogrammatidae","no_rank","Trichogramma","Trichogramma brassicae","Complete",244.5,NA,NA,"FCM",1
"316","Hymenoptera_Trichogramma_pretiosum","Metazoa","Arthropoda","Hexapoda","Insecta","Pterygota","Neoptera","Endopterygota","Hymenoptera","Apocrita","Proctotrupomorpha","Chalcidoidea","Trichogrammatidae","no_rank","Trichogramma","Trichogramma pretiosum","Complete",185.82,NA,NA,"FCM",1
"317","Hymenoptera_Vespula_germanica","Metazoa","Arthropoda","Hexapoda","Insecta","Pterygota","Neoptera","Endopterygota","Hymenoptera","Apocrita","Aculeata","Vespoidea","Vespidae","Vespinae","Vespula","Vespula germanica","Complete",224.94,0,0,"FCM",2
"318","Hymenoptera_Vespula_vulgaris","Metazoa","Arthropoda","Hexapoda","Insecta","Pterygota","Neoptera","Endopterygota","Hymenoptera","Apocrita","Aculeata","Vespoidea","Vespidae","Vespinae","Vespula","Vespula vulgaris","Complete",195.6,27.6620172800177,0.14142135623731,"FCM",2
"319","Hymenoptera_Xylocopa_virginica","Metazoa","Arthropoda","Hexapoda","Insecta","Pterygota","Neoptera","Endopterygota","Hymenoptera","Apocrita","Aculeata","Apoidea","Apidae","Xylocopinae","Xylocopa","Xylocopa virginica","Complete",674.82,NA,NA,"FIA",1
"320","Isoptera_Coptotermes_formosanus","Metazoa","Arthropoda","Hexapoda","Insecta","Pterygota","Neoptera","Polyneoptera","Blattodea","no_rank","no_rank","Blattoidea","Rhinotermitidae","Coptotermitinae","Coptotermes","Coptotermes formosanus","Incomplete",909.54,NA,NA,"FCM",1
"321","Isoptera_Hodotermopsis_sjostedti","Metazoa","Arthropoda","Hexapoda","Insecta","Pterygota","Neoptera","Polyneoptera","Blattodea","no_rank","no_rank","Blattoidea","Termopsidae","Termopsinae","Hodotermopsis","Hodotermopsis sjostedti","Incomplete",1242.06,NA,NA,"FIA",1
"322","Isoptera_Mastotermes_darwiniensis","Metazoa","Arthropoda","Hexapoda","Insecta","Pterygota","Neoptera","Polyneoptera","Blattodea","no_rank","no_rank","Blattoidea","Mastotermitidae","no_rank","Mastotermes","Mastotermes darwiniensis","Incomplete",1271.4,NA,NA,"FIA",1
"323","Isoptera_Nasutitermes_takasagoensis","Metazoa","Arthropoda","Hexapoda","Insecta","Pterygota","Neoptera","Polyneoptera","Blattodea","no_rank","no_rank","Blattoidea","Termitidae","Nasutitermitinae","Nasutitermes","Nasutitermes takasagoensis","Incomplete",1643.04,NA,NA,"FIA",1
"324","Isoptera_Odontotermes_formosanus","Metazoa","Arthropoda","Hexapoda","Insecta","Pterygota","Neoptera","Polyneoptera","Blattodea","no_rank","no_rank","Blattoidea","Termitidae","Macrotermitinae","Odontotermes","Odontotermes formosanus","Incomplete",1447.44,NA,NA,"FIA",1
"325","Isoptera_Reticulitermes_flavipes","Metazoa","Arthropoda","Hexapoda","Insecta","Pterygota","Neoptera","Polyneoptera","Blattodea","no_rank","no_rank","Blattoidea","Rhinotermitidae","Heterotermitinae","Reticulitermes","Reticulitermes flavipes","Incomplete",1046.46,NA,NA,"FCM",1
"326","Isoptera_Reticulitermes_speratus","Metazoa","Arthropoda","Hexapoda","Insecta","Pterygota","Neoptera","Polyneoptera","Blattodea","no_rank","no_rank","Blattoidea","Rhinotermitidae","Heterotermitinae","Reticulitermes","Reticulitermes speratus","Incomplete",1017.12,41.4930259200267,0.0407946219915316,"FIA",2
"327","Isoptera_Zootermopsis_nevadensis","Metazoa","Arthropoda","Hexapoda","Insecta","Pterygota","Neoptera","Polyneoptera","Blattodea","no_rank","no_rank","Blattoidea","Termopsidae","Termopsinae","Zootermopsis","Zootermopsis nevadensis","Incomplete",567.24,NA,NA,"FIA",1
"328","Lepidoptera_Antheraea_pernyi","Metazoa","Arthropoda","Hexapoda","Insecta","Pterygota","Neoptera","Endopterygota","Lepidoptera","Glossata","Neolepidoptera","Bombycoidea","Saturniidae","Saturniinae","Antheraea","Antheraea pernyi","Complete",978,NA,NA,"FD",1
"329","Lepidoptera_Bhutanitis_thaidina","Metazoa","Arthropoda","Hexapoda","Insecta","Pterygota","Neoptera","Endopterygota","Lepidoptera","Glossata","Neolepidoptera","Papilionoidea","Papilionidae","Parnassiinae","Bhutanitis","Bhutanitis thaidina","Complete",507.582,NA,NA,"FCM",1
"330","Lepidoptera_Bicyclus_anynana","Metazoa","Arthropoda","Hexapoda","Insecta","Pterygota","Neoptera","Endopterygota","Lepidoptera","Glossata","Neolepidoptera","Papilionoidea","Nymphalidae","Satyrinae","Bicyclus","Bicyclus anynana","Complete",479.22,NA,NA,"FIA",1
"331","Lepidoptera_Bombyx_mandarina","Metazoa","Arthropoda","Hexapoda","Insecta","Pterygota","Neoptera","Endopterygota","Lepidoptera","Glossata","Neolepidoptera","Bombycoidea","Bombycidae","Bombycinae","Bombyx","Bombyx mandarina","Complete",469.44,NA,NA,"FCM",1
"332","Lepidoptera_Bombyx_mori","Metazoa","Arthropoda","Hexapoda","Insecta","Pterygota","Neoptera","Endopterygota","Lepidoptera","Glossata","Neolepidoptera","Bombycoidea","Bombycidae","Bombycinae","Bombyx","Bombyx mori","Complete",508.56,NA,NA,"FD",1
"333","Lepidoptera_Busseola_fusca","Metazoa","Arthropoda","Hexapoda","Insecta","Pterygota","Neoptera","Endopterygota","Lepidoptera","Glossata","Neolepidoptera","Noctuoidea","Noctuidae","Amphipyrinae","Busseola","Busseola fusca","Complete",948.66,NA,NA,"FCM",1
"334","Lepidoptera_Byasa_hedistus","Metazoa","Arthropoda","Hexapoda","Insecta","Pterygota","Neoptera","Endopterygota","Lepidoptera","Glossata","Neolepidoptera","Papilionoidea","Papilionidae","Papilioninae","Byasa","Byasa hedistus","Complete",236.676,NA,NA,"FCM",1
"335","Lepidoptera_Danaus_chrysippus","Metazoa","Arthropoda","Hexapoda","Insecta","Pterygota","Neoptera","Endopterygota","Lepidoptera","Glossata","Neolepidoptera","Papilionoidea","Nymphalidae","Danainae","Danaus","Danaus chrysippus","Complete",360.882,NA,NA,"FCM",1
"336","Lepidoptera_Danaus_plexippus_plexippus","Metazoa","Arthropoda","Hexapoda","Insecta","Pterygota","Neoptera","Endopterygota","Lepidoptera","Glossata","Neolepidoptera","Papilionoidea","Nymphalidae","Danainae","Danaus","Danaus plexippus","Complete",283.62,NA,NA,"FIA",1
"337","Lepidoptera_Darapsa_myron","Metazoa","Arthropoda","Hexapoda","Insecta","Pterygota","Neoptera","Endopterygota","Lepidoptera","Glossata","Neolepidoptera","Bombycoidea","Sphingidae","Macroglossinae","Darapsa","Darapsa myron","Complete",625.92,NA,NA,"FCM",1
"338","Lepidoptera_Drepana_arcuata","Metazoa","Arthropoda","Hexapoda","Insecta","Pterygota","Neoptera","Endopterygota","Lepidoptera","Glossata","Neolepidoptera","Drepanoidea","Drepanidae","Drepaninae","Drepana","Drepana arcuata","Complete",303.18,NA,NA,"FIA",1
"339","Lepidoptera_Hebomoia_glaucippe","Metazoa","Arthropoda","Hexapoda","Insecta","Pterygota","Neoptera","Endopterygota","Lepidoptera","Glossata","Neolepidoptera","Papilionoidea","Pieridae","Pierinae","Hebomoia","Hebomoia glaucippe","Complete",332.52,NA,NA,"FCM",1
"340","Lepidoptera_Helicoverpa_armigera","Metazoa","Arthropoda","Hexapoda","Insecta","Pterygota","Neoptera","Endopterygota","Lepidoptera","Glossata","Neolepidoptera","Noctuoidea","Noctuidae","Heliothinae","Helicoverpa","Helicoverpa armigera","Complete",394,NA,NA,"FCM",1
"341","Lepidoptera_Helicoverpa_assulta","Metazoa","Arthropoda","Hexapoda","Insecta","Pterygota","Neoptera","Endopterygota","Lepidoptera","Glossata","Neolepidoptera","Noctuoidea","Noctuidae","Heliothinae","Helicoverpa","Helicoverpa assulta","Complete",430,NA,NA,"FCM",1
"342","Lepidoptera_Helicoverpa_zea","Metazoa","Arthropoda","Hexapoda","Insecta","Pterygota","Neoptera","Endopterygota","Lepidoptera","Glossata","Neolepidoptera","Noctuoidea","Noctuidae","Heliothinae","Helicoverpa","Helicoverpa zea","Complete",371.21,8.49942350986233,0.0228965370271876,NA,2
"343","Lepidoptera_Heliothis_virescens","Metazoa","Arthropoda","Hexapoda","Insecta","Pterygota","Neoptera","Endopterygota","Lepidoptera","Glossata","Neolepidoptera","Noctuoidea","Noctuidae","Heliothinae","Heliothis","Heliothis virescens","Complete",400.98,NA,NA,"FCM",1
"344","Lepidoptera_Hyles_lineata","Metazoa","Arthropoda","Hexapoda","Insecta","Pterygota","Neoptera","Endopterygota","Lepidoptera","Glossata","Neolepidoptera","Bombycoidea","Sphingidae","Macroglossinae","Hyles","Hyles lineata","Complete",449.88,NA,NA,"FCM",1
"345","Lepidoptera_Hyphantria_cunea","Metazoa","Arthropoda","Hexapoda","Insecta","Pterygota","Neoptera","Endopterygota","Lepidoptera","Glossata","Neolepidoptera","Noctuoidea","Erebidae","Arctiinae","Hyphantria","Hyphantria cunea","Complete",645.48,NA,NA,"FIA",1
"346","Lepidoptera_Idea_leuconoe","Metazoa","Arthropoda","Hexapoda","Insecta","Pterygota","Neoptera","Endopterygota","Lepidoptera","Glossata","Neolepidoptera","Papilionoidea","Nymphalidae","Danainae","Idea","Idea leuconoe","Complete",328.608,NA,NA,"FCM",1
"347","Lepidoptera_Kallima_inachus","Metazoa","Arthropoda","Hexapoda","Insecta","Pterygota","Neoptera","Endopterygota","Lepidoptera","Glossata","Neolepidoptera","Papilionoidea","Nymphalidae","Nymphalinae","Kallima","Kallima inachus","Complete",462.594,NA,NA,"FCM",1
"348","Lepidoptera_Lymantria_dispar","Metazoa","Arthropoda","Hexapoda","Insecta","Pterygota","Neoptera","Endopterygota","Lepidoptera","Glossata","Neolepidoptera","Noctuoidea","Erebidae","Lymantriinae","Lymantria","Lymantria dispar","Complete",1007.34,NA,NA,"NS",1
"349","Lepidoptera_Manduca_sexta","Metazoa","Arthropoda","Hexapoda","Insecta","Pterygota","Neoptera","Endopterygota","Lepidoptera","Glossata","Neolepidoptera","Bombycoidea","Sphingidae","Sphinginae","Manduca","Manduca sexta","Complete",420.54,NA,NA,"FCM",1
"350","Lepidoptera_Meandrusa_payeni","Metazoa","Arthropoda","Hexapoda","Insecta","Pterygota","Neoptera","Endopterygota","Lepidoptera","Glossata","Neolepidoptera","Papilionoidea","Papilionidae","Papilioninae","Meandrusa","Meandrusa payeni","Complete",396.09,NA,NA,"FCM",1
"351","Lepidoptera_Noctua_pronuba","Metazoa","Arthropoda","Hexapoda","Insecta","Pterygota","Neoptera","Endopterygota","Lepidoptera","Glossata","Neolepidoptera","Noctuoidea","Noctuidae","Noctuinae","Noctua","Noctua pronuba","Complete",557.46,NA,NA,"FIA",1
"352","Lepidoptera_Papilio_bianor","Metazoa","Arthropoda","Hexapoda","Insecta","Pterygota","Neoptera","Endopterygota","Lepidoptera","Glossata","Neolepidoptera","Papilionoidea","Papilionidae","Papilioninae","Papilio","Papilio bianor","Complete",333.498,NA,NA,"FCM",1
"353","Lepidoptera_Papilio_canadensis","Metazoa","Arthropoda","Hexapoda","Insecta","Pterygota","Neoptera","Endopterygota","Lepidoptera","Glossata","Neolepidoptera","Papilionoidea","Papilionidae","Papilioninae","Papilio","Papilio canadensis","Complete",430.32,NA,NA,"FIA",1
"354","Lepidoptera_Papilio_cresphontes","Metazoa","Arthropoda","Hexapoda","Insecta","Pterygota","Neoptera","Endopterygota","Lepidoptera","Glossata","Neolepidoptera","Papilionoidea","Papilionidae","Papilioninae","Papilio","Papilio cresphontes","Complete",234.72,NA,NA,"FCM",1
"355","Lepidoptera_Papilio_demoleus","Metazoa","Arthropoda","Hexapoda","Insecta","Pterygota","Neoptera","Endopterygota","Lepidoptera","Glossata","Neolepidoptera","Papilionoidea","Papilionidae","Papilioninae","Papilio","Papilio demoleus","Complete",361.86,NA,NA,"FCM",1
"356","Lepidoptera_Papilio_glaucus","Metazoa","Arthropoda","Hexapoda","Insecta","Pterygota","Neoptera","Endopterygota","Lepidoptera","Glossata","Neolepidoptera","Papilionoidea","Papilionidae","Papilioninae","Papilio","Papilio glaucus","Complete",430.32,NA,NA,"FIA",1
"357","Lepidoptera_Papilio_helenus","Metazoa","Arthropoda","Hexapoda","Insecta","Pterygota","Neoptera","Endopterygota","Lepidoptera","Glossata","Neolepidoptera","Papilionoidea","Papilionidae","Papilioninae","Papilio","Papilio helenus","Complete",353.058,NA,NA,"FCM",1
"358","Lepidoptera_Papilio_machaon","Metazoa","Arthropoda","Hexapoda","Insecta","Pterygota","Neoptera","Endopterygota","Lepidoptera","Glossata","Neolepidoptera","Papilionoidea","Papilionidae","Papilioninae","Papilio","Papilio machaon","Complete",273.84,NA,NA,"FCM",1
"359","Lepidoptera_Papilio_polytes","Metazoa","Arthropoda","Hexapoda","Insecta","Pterygota","Neoptera","Endopterygota","Lepidoptera","Glossata","Neolepidoptera","Papilionoidea","Papilionidae","Papilioninae","Papilio","Papilio polytes","Complete",277.752,NA,NA,"FCM",1
"360","Lepidoptera_Papilio_protenor","Metazoa","Arthropoda","Hexapoda","Insecta","Pterygota","Neoptera","Endopterygota","Lepidoptera","Glossata","Neolepidoptera","Papilionoidea","Papilionidae","Papilioninae","Papilio","Papilio protenor","Complete",321.762,NA,NA,"FCM",1
"361","Lepidoptera_Papilio_xuthus","Metazoa","Arthropoda","Hexapoda","Insecta","Pterygota","Neoptera","Endopterygota","Lepidoptera","Glossata","Neolepidoptera","Papilionoidea","Papilionidae","Papilioninae","Papilio","Papilio xuthus","Complete",244.5,NA,NA,"FCM",1
"362","Lepidoptera_Parantica_sita","Metazoa","Arthropoda","Hexapoda","Insecta","Pterygota","Neoptera","Endopterygota","Lepidoptera","Glossata","Neolepidoptera","Papilionoidea","Nymphalidae","Danainae","Parantica","Parantica sita","Complete",454.77,NA,NA,"FCM",1
"363","Lepidoptera_Parnassius_orleans","Metazoa","Arthropoda","Hexapoda","Insecta","Pterygota","Neoptera","Endopterygota","Lepidoptera","Glossata","Neolepidoptera","Papilionoidea","Papilionidae","Parnassiinae","Parnassius","Parnassius orleans","Complete",1258.686,NA,NA,"FCM",1
"364","Lepidoptera_Pontia_edusa","Metazoa","Arthropoda","Hexapoda","Insecta","Pterygota","Neoptera","Endopterygota","Lepidoptera","Glossata","Neolepidoptera","Papilionoidea","Pieridae","Pierinae","Pontia","Pontia edusa","Complete",215.16,NA,NA,"FCM",1
"365","Lepidoptera_Sesamia_nonagrioides","Metazoa","Arthropoda","Hexapoda","Insecta","Pterygota","Neoptera","Endopterygota","Lepidoptera","Glossata","Neolepidoptera","Noctuoidea","Noctuidae","Amphipyrinae","Sesamia","Sesamia nonagrioides","Complete",948.66,NA,NA,"FCM",1
"366","Lepidoptera_Spodoptera_frugiperda","Metazoa","Arthropoda","Hexapoda","Insecta","Pterygota","Neoptera","Endopterygota","Lepidoptera","Glossata","Neolepidoptera","Noctuoidea","Noctuidae","Amphipyrinae","Spodoptera","Spodoptera frugiperda","Complete",388,NA,NA,NA,1
"367","Lepidoptera_Troides_helena","Metazoa","Arthropoda","Hexapoda","Insecta","Pterygota","Neoptera","Endopterygota","Lepidoptera","Glossata","Neolepidoptera","Papilionoidea","Papilionidae","Papilioninae","Troides","Troides helena","Complete",380.442,NA,NA,"FCM",1
"368","Lepidoptera_Vanessa_cardui","Metazoa","Arthropoda","Hexapoda","Insecta","Pterygota","Neoptera","Endopterygota","Lepidoptera","Glossata","Neolepidoptera","Papilionoidea","Nymphalidae","Nymphalinae","Vanessa","Vanessa cardui","Complete",375.552,NA,NA,"FCM",1
"369","Lepidoptera_Vanessa_indica","Metazoa","Arthropoda","Hexapoda","Insecta","Pterygota","Neoptera","Endopterygota","Lepidoptera","Glossata","Neolepidoptera","Papilionoidea","Nymphalidae","Nymphalinae","Vanessa","Vanessa indica","Complete",368.706,NA,NA,"FCM",1
"370","Lepidoptera_Xestia_cnigrum","Metazoa","Arthropoda","Hexapoda","Insecta","Pterygota","Neoptera","Endopterygota","Lepidoptera","Glossata","Neolepidoptera","Noctuoidea","Noctuidae","Noctuinae","Xestia","Xestia c-nigrum","Complete",762.84,NA,NA,"FIA",1
"371","Lepidoptera_Xylophanes_tersa","Metazoa","Arthropoda","Hexapoda","Insecta","Pterygota","Neoptera","Endopterygota","Lepidoptera","Glossata","Neolepidoptera","Bombycoidea","Sphingidae","Macroglossinae","Xylophanes","Xylophanes tersa","Complete",427.64,NA,NA,NA,1
"372","Megaloptera_Corydalus_cornutus","Metazoa","Arthropoda","Hexapoda","Insecta","Pterygota","Neoptera","Endopterygota","Megaloptera","no_rank","no_rank","no_rank","Corydalidae","Corydalinae","Corydalus","Corydalus cornutus","Complete",358.5,3.53553390593274,0.0098620192634107,"FCM",2
"373","Neuroptera_Hemerobius_stigma","Metazoa","Arthropoda","Hexapoda","Insecta","Pterygota","Neoptera","Endopterygota","Neuroptera","Hemerobiiformia","no_rank","no_rank","Hemerobiidae","no_rank","Hemerobius","Hemerobius stigma","Complete",556,2.82842712474619,0.00508709914522696,"FCM",2
"374","Odonata_Argia_fumipennis","Metazoa","Arthropoda","Hexapoda","Insecta","Pterygota","Palaeoptera","no_rank","Odonata","Zygoptera","no_rank","Coenagrionoidea","Coenagrionidae","no_rank","Argia","Argia fumipennis","Incomplete",909.54,NA,NA,"FIA",1
"375","Odonata_Calopteryx_splendens","Metazoa","Arthropoda","Hexapoda","Insecta","Pterygota","Palaeoptera","no_rank","Odonata","Zygoptera","no_rank","Calopterygoidea","Calopterygidae","no_rank","Calopteryx","Calopteryx splendens","Incomplete",1467,NA,NA,"BCA",1
"376","Odonata_Celithemis_elisa","Metazoa","Arthropoda","Hexapoda","Insecta","Pterygota","Palaeoptera","no_rank","Odonata","Epiprocta","Anisoptera","Cavilabiata","Libellulidae","no_rank","Celithemis","Celithemis elisa","Incomplete",753.06,NA,NA,"FIA",1
"377","Odonata_Epitheca_princeps","Metazoa","Arthropoda","Hexapoda","Insecta","Pterygota","Palaeoptera","no_rank","Odonata","Epiprocta","Anisoptera","Cavilabiata","Corduliidae","no_rank","Epitheca","Epitheca princeps","Incomplete",958.44,NA,NA,"FIA",1
"378","Odonata_Hetaerina_americana","Metazoa","Arthropoda","Hexapoda","Insecta","Pterygota","Palaeoptera","no_rank","Odonata","Zygoptera","no_rank","Calopterygoidea","Calopterygidae","no_rank","Hetaerina","Hetaerina americana","Incomplete",1085.58,NA,NA,"FIA",1
"379","Odonata_Libellula_quadrimaculata","Metazoa","Arthropoda","Hexapoda","Insecta","Pterygota","Palaeoptera","no_rank","Odonata","Epiprocta","Anisoptera","Cavilabiata","Libellulidae","no_rank","Libellula","Libellula quadrimaculata","Incomplete",655.26,NA,NA,"BCA",1
"380","Odonata_Libellula_vibrans","Metazoa","Arthropoda","Hexapoda","Insecta","Pterygota","Palaeoptera","no_rank","Odonata","Epiprocta","Anisoptera","Cavilabiata","Libellulidae","no_rank","Libellula","Libellula vibrans","Incomplete",929.1,NA,NA,"FIA",1
"381","Odonata_Ophiogomphus_cecilia","Metazoa","Arthropoda","Hexapoda","Insecta","Pterygota","Palaeoptera","no_rank","Odonata","Epiprocta","Anisoptera","no_rank","Gomphidae","no_rank","Ophiogomphus","Ophiogomphus cecilia","Incomplete",361.86,NA,NA,"BCA",1
"382","Orthoptera_Acrolophitus_hirtipes","Metazoa","Arthropoda","Hexapoda","Insecta","Pterygota","Neoptera","Polyneoptera","Orthoptera","Caelifera","Acrididea","Acridoidea","Acrididae","Gomphocerinae","Acrolophitus","Acrolophitus hirtipes","Incomplete",14813.4,NA,NA,NA,1
"383","Orthoptera_Chorthippus_dorsatus","Metazoa","Arthropoda","Hexapoda","Insecta","Pterygota","Neoptera","Polyneoptera","Orthoptera","Caelifera","Acrididea","Acridoidea","Acrididae","Gomphocerinae","Chorthippus","Chorthippus dorsatus","Incomplete",8156.52,NA,NA,"FD",1
"384","Orthoptera_Chortophaga_viridifasciata","Metazoa","Arthropoda","Hexapoda","Insecta","Pterygota","Neoptera","Polyneoptera","Orthoptera","Caelifera","Acrididea","Acridoidea","Acrididae","Oedipodinae","Chortophaga","Chortophaga viridifasciata","Incomplete",10357.65,110.237947186982,0.010643142719341,NA,2
"385","Orthoptera_Eyprepocnemis_plorans","Metazoa","Arthropoda","Hexapoda","Insecta","Pterygota","Neoptera","Polyneoptera","Orthoptera","Caelifera","Acrididea","Acridoidea","Acrididae","Eyprepocnemidinae","Eyprepocnemis","Eyprepocnemis plorans","Incomplete",9486.6,NA,NA,"FIA",1
"386","Orthoptera_Gomphocerus_sibiricus","Metazoa","Arthropoda","Hexapoda","Insecta","Pterygota","Neoptera","Polyneoptera","Orthoptera","Caelifera","Acrididea","Acridoidea","Acrididae","Gomphocerinae","Gomphocerus","Gomphocerus sibiricus","Incomplete",8753.1,NA,NA,"FD",1
"387","Orthoptera_Laupala_cerasina","Metazoa","Arthropoda","Hexapoda","Insecta","Pterygota","Neoptera","Polyneoptera","Orthoptera","Ensifera","Gryllidea","Grylloidea","Gryllidae","Trigonidiinae","Laupala","Laupala cerasina","Incomplete",1887.54,NA,NA,"FCM",1
"388","Orthoptera_Locusta_migratoria","Metazoa","Arthropoda","Hexapoda","Insecta","Pterygota","Neoptera","Polyneoptera","Orthoptera","Caelifera","Acrididea","Acridoidea","Acrididae","Oedipodinae","Locusta","Locusta migratoria","Incomplete",6298.32,NA,NA,"FCM",1
"389","Orthoptera_Omocestus_viridulus","Metazoa","Arthropoda","Hexapoda","Insecta","Pterygota","Neoptera","Polyneoptera","Orthoptera","Caelifera","Acrididea","Acridoidea","Acrididae","Gomphocerinae","Omocestus","Omocestus viridulus","Incomplete",12870.48,NA,NA,"FD",1
"390","Orthoptera_Schistocerca_americana","Metazoa","Arthropoda","Hexapoda","Insecta","Pterygota","Neoptera","Polyneoptera","Orthoptera","Caelifera","Acrididea","Acridoidea","Acrididae","Cyrtacanthacridinae","Schistocerca","Schistocerca americana","Incomplete",8259.15,NA,NA,NA,1
"391","Orthoptera_Stauroderus_scalaris","Metazoa","Arthropoda","Hexapoda","Insecta","Pterygota","Neoptera","Polyneoptera","Orthoptera","Caelifera","Acrididea","Acridoidea","Acrididae","Gomphocerinae","Stauroderus","Stauroderus scalaris","Incomplete",15980.52,NA,NA,"NS",1
"392","Orthoptera_Trimerotropis_pallidipennis","Metazoa","Arthropoda","Hexapoda","Insecta","Pterygota","Neoptera","Polyneoptera","Orthoptera","Caelifera","Acrididea","Acridoidea","Acrididae","Oedipodinae","Trimerotropis","Trimerotropis pallidipennis","Incomplete",9120.65,11.8086832458159,0.00129471948225355,NA,2
"393","Phasmatodea_Bacillus_atticus","Metazoa","Arthropoda","Hexapoda","Insecta","Pterygota","Neoptera","Polyneoptera","Phasmatodea","Verophasmatodea","Areolatae","Bacilloidea","Bacillidae","Bacillinae","Bacillus","Bacillus atticus","Incomplete",2425.44,313.061858424178,0.129074253918538,"FCM",4
"394","Phasmatodea_Bacillus_grandii","Metazoa","Arthropoda","Hexapoda","Insecta","Pterygota","Neoptera","Polyneoptera","Phasmatodea","Verophasmatodea","Areolatae","Bacilloidea","Bacillidae","Bacillinae","Bacillus","Bacillus grandii","Incomplete",2332.53,311.1976944002,0.133416373808783,"FCM",2
"395","Phasmatodea_Bacillus_rossius","Metazoa","Arthropoda","Hexapoda","Insecta","Pterygota","Neoptera","Polyneoptera","Phasmatodea","Verophasmatodea","Areolatae","Bacilloidea","Bacillidae","Bacillinae","Bacillus","Bacillus rossius","Incomplete",2014.68,152.141095040098,0.0755162581849712,"FCM",2
"396","Phasmatodea_Extatosoma_tiaratum","Metazoa","Arthropoda","Hexapoda","Insecta","Pterygota","Neoptera","Polyneoptera","Phasmatodea","Verophasmatodea","Anareolatae","no_rank","Phasmatidae","Tropidoderinae","Extatosoma","Extatosoma tiaratum","Incomplete",7824,NA,NA,"FD",1
"397","Phasmatodea_Timema_cristinae","Metazoa","Arthropoda","Hexapoda","Insecta","Pterygota","Neoptera","Polyneoptera","Phasmatodea","Timematodea","no_rank","Timematoidea","Timematidae","no_rank","Timema","Timema cristinae","Incomplete",1330.08,NA,NA,"FCM",1
"398","Psocodea_Pediculus_humanus_corporis","Metazoa","Arthropoda","Hexapoda","Insecta","Pterygota","Neoptera","Paraneoptera","Phthiraptera","Anoplura","no_rank","no_rank","Pediculidae","no_rank","Pediculus","Pediculus humanus","Incomplete",107.58,0,0,"FCM",2
"399","Siphonaptera_Ctenocephalides_felis","Metazoa","Arthropoda","Hexapoda","Insecta","Pterygota","Neoptera","Endopterygota","Siphonaptera","Pulicomorpha","no_rank","Pulicoidea","Pulicidae","Archaeopsyllinae","Ctenocephalides","Ctenocephalides felis","Complete",459.66,NA,NA,"FCM",1
"400","Strepsiptera_Xenos_vesparum","Metazoa","Arthropoda","Hexapoda","Insecta","Pterygota","Neoptera","Endopterygota","Strepsiptera","Stylopidia","no_rank","no_rank","Xenidae","no_rank","Xenos","Xenos vesparum","Complete",127.14,NA,NA,"FCM",1
"401","Thysanoptera_Frankliniella_fusca","Metazoa","Arthropoda","Hexapoda","Insecta","Pterygota","Neoptera","Paraneoptera","Thysanoptera","Terebrantia","no_rank","Thripoidea","Thripidae","Thripinae","Frankliniella","Frankliniella fusca","Incomplete",400.98,NA,NA,"FCM",1
"402","Thysanoptera_Frankliniella_occidentalis","Metazoa","Arthropoda","Hexapoda","Insecta","Pterygota","Neoptera","Paraneoptera","Thysanoptera","Terebrantia","no_rank","Thripoidea","Thripidae","Thripinae","Frankliniella","Frankliniella occidentalis","Incomplete",342.3,NA,NA,"FCM",1
"403","Thysanoptera_Thrips_tabaci","Metazoa","Arthropoda","Hexapoda","Insecta","Pterygota","Neoptera","Paraneoptera","Thysanoptera","Terebrantia","no_rank","Thripoidea","Thripidae","Thripinae","Thrips","Thrips tabaci","Incomplete",396.09,117.563573440075,0.29681025383139,"FCM",2
"404","Zygentoma_Thermobia_domestica","Metazoa","Arthropoda","Hexapoda","Insecta","no_rank","no_rank","no_rank","Zygentoma","no_rank","no_rank","no_rank","Lepismatidae","no_rank","Thermobia","Thermobia domestica","Incomplete",3022.02,NA,NA,"SCF",1
"405","Collembola_Orchesella_cincta","Metazoa","Arthropoda","Hexapoda","Collembola","no_rank","no_rank","no_rank","Entomobryomorpha","no_rank","no_rank","Isotomoidea","Orchesellidae","Orchesellinae","Orchesella","Orchesella cincta","Incomplete",224.94,NA,NA,"FCM",1
